1-Wire/iButton Part Number: DS1921G-F5,,,,,
1-Wire/iButton Registration Number: 770000006AA50A21,,,,,
Is Mission Active?  true,,,,,
Mission Start:  Thu Oct 23 12:03:00 IDT 2025,,,,,
Sample Rate:  Every 10 minute(s),,,,,
Number of Mission Samples:  2619,,,,,
Total Samples:  18299,,,,,
Roll Over Enabled?  false,,,,,
Roll Over Occurred?  Roll over has occurred,,,,,
Active Alarms:  None fired,,,,,
Next Clock Alarm At:  Disabled,,,,,
High Temperature Alarm:  85 °C,,,,,
Low Temperature Alarm:  -40 °C,,,,,
,,,,,
Date/Time,Unit,Value Heat Surface Sensor,Internal temp sensor,Out Air temp,Wall Type
10/23/2025 12:03,C,24.0,23.9,34.0,Exposed 
10/23/2025 12:13,C,24.0,24.3,34.0,Exposed 
10/23/2025 12:23,C,23.5,24.7,34.4,Exposed 
10/23/2025 12:33,C,25.5,25.1,34.4,Exposed 
10/23/2025 12:43,C,35.5,25.5,34.3,Exposed 
10/23/2025 12:53,C,36.5,25.8,34.1,Exposed 
10/23/2025 13:03,C,37.0,26.2,34.6,Exposed 
10/23/2025 13:13,C,37.0,26.5,35.0,Exposed 
10/23/2025 13:23,C,37.5,26.9,35.3,Exposed 
10/23/2025 13:33,C,37.5,27.2,35.7,Exposed 
10/23/2025 13:43,C,37.5,27.5,35.5,Exposed 
10/23/2025 13:53,C,37.5,27.7,36.0,Exposed 
10/23/2025 14:03,C,38.0,28.0,35.8,Exposed 
10/23/2025 14:13,C,38.0,28.2,35.6,Exposed 
10/23/2025 14:23,C,38.5,28.4,35.7,Exposed 
10/23/2025 14:33,C,37.5,28.6,35.7,Exposed 
10/23/2025 14:43,C,37.5,28.7,35.1,Exposed 
10/23/2025 14:53,C,37.0,28.7,35.3,Exposed 
10/23/2025 15:03,C,36.0,28.7,35.5,Exposed 
10/23/2025 15:13,C,36.0,28.7,35.4,Exposed 
10/23/2025 15:23,C,35.0,28.7,35.0,Exposed 
10/23/2025 15:33,C,34.5,28.6,34.2,Exposed 
10/23/2025 15:43,C,34.5,28.6,34.0,Exposed 
10/23/2025 15:53,C,34.0,28.5,33.4,Exposed 
10/23/2025 16:03,C,33.5,28.4,32.1,Exposed 
10/23/2025 16:13,C,33.5,28.3,31.2,Exposed 
10/23/2025 16:23,C,33.0,28.2,30.4,Exposed 
10/23/2025 16:33,C,32.5,28.2,29.9,Exposed 
10/23/2025 16:43,C,32.5,28.1,29.4,Exposed 
10/23/2025 16:53,C,31.5,28.0,28.9,Exposed 
10/23/2025 17:03,C,31.0,27.8,28.3,Exposed 
10/23/2025 17:13,C,30.5,27.7,27.8,Exposed 
10/23/2025 17:23,C,30.0,27.6,27.3,Exposed 
10/23/2025 17:33,C,29.5,27.5,27.0,Exposed 
10/23/2025 17:43,C,29.0,27.3,26.7,Exposed 
10/23/2025 17:53,C,28.5,27.2,26.5,Exposed 
10/23/2025 18:03,C,28.0,27.0,26.3,Exposed 
10/23/2025 18:13,C,28.0,26.9,26.1,Exposed 
10/23/2025 18:23,C,27.5,26.8,26.0,Exposed 
10/23/2025 18:33,C,27.0,26.6,25.7,Exposed 
10/23/2025 18:43,C,27.0,26.4,25.5,Exposed 
10/23/2025 18:53,C,27.0,26.3,25.3,Exposed 
10/23/2025 19:03,C,27.0,26.2,25.0,Exposed 
10/23/2025 19:13,C,26.5,26.0,24.8,Exposed 
10/23/2025 19:23,C,26.5,25.9,24.5,Exposed 
10/23/2025 19:33,C,26.5,25.7,24.3,Exposed 
10/23/2025 19:43,C,26.0,25.6,24.0,Exposed 
10/23/2025 19:53,C,26.0,25.4,24.0,Exposed 
10/23/2025 20:03,C,26.0,25.3,23.8,Exposed 
10/23/2025 20:13,C,25.5,25.1,23.5,Exposed 
10/23/2025 20:23,C,25.0,25.0,23.2,Exposed 
10/23/2025 20:33,C,25.0,24.8,23.0,Exposed 
10/23/2025 20:43,C,25.0,24.7,22.8,Exposed 
10/23/2025 20:53,C,25.0,24.6,22.6,Exposed 
10/23/2025 21:03,C,24.5,24.4,22.4,Exposed 
10/23/2025 21:13,C,24.5,24.3,22.3,Exposed 
10/23/2025 21:23,C,24.5,24.2,22.2,Exposed 
10/23/2025 21:33,C,24.5,24.0,22.0,Exposed 
10/23/2025 21:43,C,24.0,23.9,21.8,Exposed 
10/23/2025 21:53,C,24.0,23.8,21.6,Exposed 
10/23/2025 22:03,C,23.5,23.6,21.6,Exposed 
10/23/2025 22:13,C,23.5,23.5,21.6,Exposed 
10/23/2025 22:23,C,23.0,23.4,21.4,Exposed 
10/23/2025 22:33,C,23.0,23.3,21.3,Exposed 
10/23/2025 22:43,C,23.0,23.1,21.0,Exposed 
10/23/2025 22:53,C,22.5,23.0,20.8,Exposed 
10/23/2025 23:03,C,22.5,22.9,20.6,Exposed 
10/23/2025 23:13,C,22.5,22.8,20.6,Exposed 
10/23/2025 23:23,C,22.5,22.7,20.6,Exposed 
10/23/2025 23:33,C,22.0,22.6,20.7,Exposed 
10/23/2025 23:43,C,22.0,22.5,21.1,Exposed 
10/23/2025 23:53,C,22.0,22.4,21.2,Exposed 
10/24/2025 0:03,C,22.0,22.3,21.4,Exposed 
10/24/2025 0:13,C,22.0,22.2,21.7,Exposed 
10/24/2025 0:23,C,22.0,22.1,21.7,Exposed 
10/24/2025 0:33,C,22.0,22.1,21.6,Exposed 
10/24/2025 0:43,C,21.5,21.9,21.3,Exposed 
10/24/2025 0:53,C,22.0,21.9,21.3,Exposed 
10/24/2025 1:03,C,22.0,21.8,21.2,Exposed 
10/24/2025 1:13,C,22.0,21.7,21.1,Exposed 
10/24/2025 1:23,C,22.0,21.6,21.0,Exposed 
10/24/2025 1:33,C,22.0,21.5,20.9,Exposed 
10/24/2025 1:43,C,22.0,21.4,20.9,Exposed 
10/24/2025 1:53,C,22.0,21.3,20.9,Exposed 
10/24/2025 2:03,C,22.0,21.2,21.1,Exposed 
10/24/2025 2:13,C,22.0,21.1,21.0,Exposed 
10/24/2025 2:23,C,22.0,21.0,21.0,Exposed 
10/24/2025 2:33,C,22.0,21.0,21.0,Exposed 
10/24/2025 2:43,C,22.0,20.9,21.1,Exposed 
10/24/2025 2:53,C,22.0,20.7,21.1,Exposed 
10/24/2025 3:03,C,22.0,20.7,20.9,Exposed 
10/24/2025 3:13,C,22.0,20.6,20.8,Exposed 
10/24/2025 3:23,C,22.0,20.5,20.7,Exposed 
10/24/2025 3:33,C,22.0,20.4,20.5,Exposed 
10/24/2025 3:43,C,22.0,20.3,20.5,Exposed 
10/24/2025 3:53,C,22.0,20.3,20.5,Exposed 
10/24/2025 4:03,C,22.0,20.2,20.5,Exposed 
10/24/2025 4:13,C,22.0,20.1,20.6,Exposed 
10/24/2025 4:23,C,21.5,20.0,20.6,Exposed 
10/24/2025 4:33,C,21.5,19.9,20.5,Exposed 
10/24/2025 4:43,C,21.0,19.8,20.6,Exposed 
10/24/2025 4:53,C,21.5,19.7,20.5,Exposed 
10/24/2025 5:03,C,21.5,19.6,20.4,Exposed 
10/24/2025 5:13,C,21.5,19.4,20.2,Exposed 
10/24/2025 5:23,C,21.0,19.3,20.1,Exposed 
10/24/2025 5:33,C,21.0,19.3,20.0,Exposed 
10/24/2025 5:43,C,21.0,19.2,19.8,Exposed 
10/24/2025 5:53,C,20.5,19.1,19.8,Exposed 
10/24/2025 6:03,C,20.5,19.0,19.9,Exposed 
10/24/2025 6:13,C,20.5,18.9,20.2,Exposed 
10/24/2025 6:23,C,20.5,18.8,20.4,Exposed 
10/24/2025 6:33,C,20.5,18.7,20.6,Exposed 
10/24/2025 6:43,C,20.5,18.6,20.7,Exposed 
10/24/2025 6:53,C,20.5,18.5,20.9,Exposed 
10/24/2025 7:03,C,21.0,18.5,21.0,Exposed 
10/24/2025 7:13,C,21.0,18.4,21.2,Exposed 
10/24/2025 7:23,C,21.0,18.4,21.5,Exposed 
10/24/2025 7:33,C,21.5,18.3,21.7,Exposed 
10/24/2025 7:43,C,22.0,18.4,21.7,Exposed 
10/24/2025 7:53,C,22.0,18.4,21.9,Exposed 
10/24/2025 8:03,C,22.5,18.5,22.2,Exposed 
10/24/2025 8:13,C,23.0,18.5,22.5,Exposed 
10/24/2025 8:23,C,23.0,18.6,22.8,Exposed 
10/24/2025 8:33,C,23.0,18.7,23.1,Exposed 
10/24/2025 8:43,C,23.5,18.8,23.4,Exposed 
10/24/2025 8:53,C,24.5,19.0,23.5,Exposed 
10/24/2025 9:03,C,25.0,19.2,23.7,Exposed 
10/24/2025 9:13,C,26.0,19.5,23.9,Exposed 
10/24/2025 9:23,C,26.5,19.8,23.7,Exposed 
10/24/2025 9:33,C,27.0,20.0,23.9,Exposed 
10/24/2025 9:43,C,28.0,20.3,24.2,Exposed 
10/24/2025 9:53,C,26.5,20.6,24.5,Exposed 
10/24/2025 10:03,C,27.0,20.9,24.4,Exposed 
10/24/2025 10:13,C,27.5,21.2,24.3,Exposed 
10/24/2025 10:23,C,27.0,21.6,25.3,Exposed 
10/24/2025 10:33,C,27.5,22.0,25.7,Exposed 
10/24/2025 10:43,C,29.0,22.3,26.3,Exposed 
10/24/2025 10:53,C,30.0,22.6,26.5,Exposed 
10/24/2025 11:03,C,28.5,23.0,26.8,Exposed 
10/24/2025 11:13,C,30.0,23.4,27.5,Exposed 
10/24/2025 11:23,C,30.5,23.7,28.0,Exposed 
10/24/2025 11:33,C,31.0,24.0,27.9,Exposed 
10/24/2025 11:43,C,31.5,24.4,28.2,Exposed 
10/24/2025 11:53,C,30.5,24.7,28.1,Exposed 
10/24/2025 12:03,C,31.5,25.0,28.2,Exposed 
10/24/2025 12:13,C,32.0,25.3,28.6,Exposed 
10/24/2025 12:23,C,32.5,25.6,28.7,Exposed 
10/24/2025 12:33,C,32.5,25.9,28.7,Exposed 
10/24/2025 12:43,C,32.5,26.2,29.0,Exposed 
10/24/2025 12:53,C,32.5,26.4,29.1,Exposed 
10/24/2025 13:03,C,33.0,26.7,28.8,Exposed 
10/24/2025 13:13,C,33.0,27.0,29.2,Exposed 
10/24/2025 13:23,C,33.5,27.2,29.7,Exposed 
10/24/2025 13:33,C,33.5,27.5,29.4,Exposed 
10/24/2025 13:43,C,33.0,27.7,29.4,Exposed 
10/24/2025 13:53,C,33.0,27.9,29.3,Exposed 
10/24/2025 14:03,C,33.0,28.1,28.8,Exposed 
10/24/2025 14:13,C,33.5,28.2,28.7,Exposed 
10/24/2025 14:23,C,32.5,28.3,28.8,Exposed 
10/24/2025 14:33,C,32.5,28.4,28.9,Exposed 
10/24/2025 14:43,C,32.5,28.4,28.9,Exposed 
10/24/2025 14:53,C,31.5,28.3,28.7,Exposed 
10/24/2025 15:03,C,30.5,28.3,28.6,Exposed 
10/24/2025 15:13,C,30.5,28.2,28.5,Exposed 
10/24/2025 15:23,C,30.5,28.1,28.3,Exposed 
10/24/2025 15:33,C,30.0,28.0,28.0,Exposed 
10/24/2025 15:43,C,29.5,27.9,27.9,Exposed 
10/24/2025 15:53,C,29.0,27.8,27.7,Exposed 
10/24/2025 16:03,C,28.5,27.7,27.4,Exposed 
10/24/2025 16:13,C,28.5,27.5,27.1,Exposed 
10/24/2025 16:23,C,28.0,27.4,26.8,Exposed 
10/24/2025 16:33,C,27.5,27.3,26.4,Exposed 
10/24/2025 16:43,C,27.5,27.1,26.1,Exposed 
10/24/2025 16:53,C,27.0,27.0,25.6,Exposed 
10/24/2025 17:03,C,27.0,26.9,25.1,Exposed 
10/24/2025 17:13,C,26.5,26.7,24.6,Exposed 
10/24/2025 17:23,C,26.5,26.5,24.3,Exposed 
10/24/2025 17:33,C,26.0,26.4,24.0,Exposed 
10/24/2025 17:43,C,26.0,26.3,23.8,Exposed 
10/24/2025 17:53,C,25.5,26.1,23.6,Exposed 
10/24/2025 18:03,C,25.0,26.0,23.4,Exposed 
10/24/2025 18:13,C,24.5,25.8,23.2,Exposed 
10/24/2025 18:23,C,24.5,25.7,23.1,Exposed 
10/24/2025 18:33,C,24.0,25.5,22.9,Exposed 
10/24/2025 18:43,C,24.0,25.4,22.8,Exposed 
10/24/2025 18:53,C,24.0,25.3,22.7,Exposed 
10/24/2025 19:03,C,23.5,25.1,22.5,Exposed 
10/24/2025 19:13,C,23.5,25.0,22.4,Exposed 
10/24/2025 19:23,C,23.5,24.9,22.3,Exposed 
10/24/2025 19:33,C,23.0,24.7,22.1,Exposed 
10/24/2025 19:43,C,23.0,24.6,22.0,Exposed 
10/24/2025 19:53,C,23.0,24.4,21.9,Exposed 
10/24/2025 20:03,C,23.0,24.3,21.7,Exposed 
10/24/2025 20:13,C,22.5,24.1,21.6,Exposed 
10/24/2025 20:23,C,22.5,24.0,21.5,Exposed 
10/24/2025 20:33,C,22.5,23.9,21.3,Exposed 
10/24/2025 20:43,C,22.0,23.8,21.2,Exposed 
10/24/2025 20:53,C,22.0,23.6,21.1,Exposed 
10/24/2025 21:03,C,22.0,23.5,21.0,Exposed 
10/24/2025 21:13,C,22.0,23.4,21.0,Exposed 
10/24/2025 21:23,C,21.5,23.2,20.9,Exposed 
10/24/2025 21:33,C,21.5,23.1,20.7,Exposed 
10/24/2025 21:43,C,21.5,23.0,20.5,Exposed 
10/24/2025 21:53,C,21.5,22.8,20.5,Exposed 
10/24/2025 22:03,C,21.5,22.7,20.4,Exposed 
10/24/2025 22:13,C,21.0,22.6,20.3,Exposed 
10/24/2025 22:23,C,21.0,22.4,20.2,Exposed 
10/24/2025 22:33,C,21.0,22.3,20.2,Exposed 
10/24/2025 22:43,C,21.0,22.2,20.1,Exposed 
10/24/2025 22:53,C,21.0,22.1,19.9,Exposed 
10/24/2025 23:03,C,20.5,22.0,19.7,Exposed 
10/24/2025 23:13,C,20.5,21.8,19.6,Exposed 
10/24/2025 23:23,C,20.0,21.7,19.5,Exposed 
10/24/2025 23:33,C,20.0,21.6,19.5,Exposed 
10/24/2025 23:43,C,20.0,21.5,19.4,Exposed 
10/24/2025 23:53,C,20.0,21.4,19.2,Exposed 
10/25/2025 0:03,C,20.0,21.2,19.2,Exposed 
10/25/2025 0:13,C,19.5,21.2,19.0,Exposed 
10/25/2025 0:23,C,19.5,21.1,18.8,Exposed 
10/25/2025 0:33,C,19.5,21.0,18.7,Exposed 
10/25/2025 0:43,C,19.5,20.9,18.5,Exposed 
10/25/2025 0:53,C,19.5,20.8,18.4,Exposed 
10/25/2025 1:03,C,19.5,20.7,18.3,Exposed 
10/25/2025 1:13,C,19.0,20.7,18.2,Exposed 
10/25/2025 1:23,C,19.0,20.6,18.0,Exposed 
10/25/2025 1:33,C,19.0,20.5,18.0,Exposed 
10/25/2025 1:43,C,18.5,20.5,17.9,Exposed 
10/25/2025 1:53,C,18.5,20.4,17.8,Exposed 
10/25/2025 2:03,C,18.5,20.3,17.7,Exposed 
10/25/2025 2:13,C,18.5,20.2,17.3,Exposed 
10/25/2025 2:23,C,18.0,20.2,17.1,Exposed 
10/25/2025 2:33,C,18.0,20.1,17.0,Exposed 
10/25/2025 2:43,C,18.0,20.0,16.8,Exposed 
10/25/2025 2:53,C,18.0,20.0,16.7,Exposed 
10/25/2025 3:03,C,17.5,19.9,16.7,Exposed 
10/25/2025 3:13,C,17.5,19.8,16.8,Exposed 
10/25/2025 3:23,C,17.5,19.8,16.9,Exposed 
10/25/2025 3:33,C,17.5,19.7,16.9,Exposed 
10/25/2025 3:43,C,17.0,19.7,16.7,Exposed 
10/25/2025 3:53,C,17.0,19.6,16.7,Exposed 
10/25/2025 4:03,C,17.0,19.5,16.7,Exposed 
10/25/2025 4:13,C,17.0,19.4,16.6,Exposed 
10/25/2025 4:23,C,17.0,19.4,16.0,Exposed 
10/25/2025 4:33,C,17.0,19.3,15.8,Exposed 
10/25/2025 4:43,C,17.0,19.2,15.8,Exposed 
10/25/2025 4:53,C,16.5,19.1,15.9,Exposed 
10/25/2025 5:03,C,16.5,19.0,15.8,Exposed 
10/25/2025 5:13,C,16.5,18.9,15.8,Exposed 
10/25/2025 5:23,C,16.5,18.8,16.2,Exposed 
10/25/2025 5:33,C,16.0,18.7,16.3,Exposed 
10/25/2025 5:43,C,16.0,18.6,16.4,Exposed 
10/25/2025 5:53,C,16.0,18.5,16.6,Exposed 
10/25/2025 6:03,C,16.0,18.4,16.6,Exposed 
10/25/2025 6:13,C,16.5,18.3,16.5,Exposed 
10/25/2025 6:23,C,17.0,18.2,16.5,Exposed 
10/25/2025 6:33,C,17.0,18.1,16.6,Exposed 
10/25/2025 6:43,C,17.0,18.0,16.3,Exposed 
10/25/2025 6:53,C,17.0,17.9,16.1,Exposed 
10/25/2025 7:03,C,17.0,17.9,16.3,Exposed 
10/25/2025 7:13,C,17.0,17.9,16.5,Exposed 
10/25/2025 7:23,C,17.5,17.8,16.8,Exposed 
10/25/2025 7:33,C,17.5,17.8,17.6,Exposed 
10/25/2025 7:43,C,17.5,17.8,18.9,Exposed 
10/25/2025 7:53,C,17.5,17.8,20.0,Exposed 
10/25/2025 8:03,C,18.0,17.9,20.8,Exposed 
10/25/2025 8:13,C,19.0,18.0,21.5,Exposed 
10/25/2025 8:23,C,20.0,18.1,22.2,Exposed 
10/25/2025 8:33,C,21.0,18.3,23.1,Exposed 
10/25/2025 8:43,C,22.0,18.5,23.8,Exposed 
10/25/2025 8:53,C,23.0,18.7,24.3,Exposed 
10/25/2025 9:03,C,23.5,18.9,24.8,Exposed 
10/25/2025 9:13,C,24.0,19.2,25.4,Exposed 
10/25/2025 9:23,C,25.0,19.5,25.8,Exposed 
10/25/2025 9:33,C,25.5,19.8,25.9,Exposed 
10/25/2025 9:43,C,26.0,20.1,26.5,Exposed 
10/25/2025 9:53,C,27.0,20.5,26.9,Exposed 
10/25/2025 10:03,C,27.5,20.8,27.3,Exposed 
10/25/2025 10:13,C,28.0,21.2,27.7,Exposed 
10/25/2025 10:23,C,28.5,21.5,27.9,Exposed 
10/25/2025 10:33,C,29.0,21.9,28.3,Exposed 
10/25/2025 10:43,C,29.5,22.3,28.6,Exposed 
10/25/2025 10:53,C,30.0,22.6,29.3,Exposed 
10/25/2025 11:03,C,30.5,23.0,29.3,Exposed 
10/25/2025 11:13,C,31.0,23.4,29.8,Exposed 
10/25/2025 11:23,C,31.5,23.8,30.4,Exposed 
10/25/2025 11:33,C,31.5,24.1,30.3,Exposed 
10/25/2025 11:43,C,32.0,24.5,30.4,Exposed 
10/25/2025 11:53,C,32.5,24.9,30.3,Exposed 
10/25/2025 12:03,C,33.0,25.2,31.0,Exposed 
10/25/2025 12:13,C,33.0,25.6,31.3,Exposed 
10/25/2025 12:23,C,33.5,25.9,30.8,Exposed 
10/25/2025 12:33,C,33.5,26.3,30.6,Exposed 
10/25/2025 12:43,C,34.0,26.6,30.7,Exposed 
10/25/2025 12:53,C,34.0,26.9,30.9,Exposed 
10/25/2025 13:03,C,34.5,27.2,30.8,Exposed 
10/25/2025 13:13,C,34.5,27.5,30.9,Exposed 
10/25/2025 13:23,C,34.5,27.7,31.2,Exposed 
10/25/2025 13:33,C,34.0,28.0,31.3,Exposed 
10/25/2025 13:43,C,34.0,28.3,31.4,Exposed 
10/25/2025 13:53,C,34.0,28.5,31.4,Exposed 
10/25/2025 14:03,C,33.5,28.8,31.2,Exposed 
10/25/2025 14:13,C,34.0,29.0,31.4,Exposed 
10/25/2025 14:23,C,34.0,29.2,31.3,Exposed 
10/25/2025 14:33,C,33.5,29.2,31.2,Exposed 
10/25/2025 14:43,C,33.0,29.3,31.1,Exposed 
10/25/2025 14:53,C,32.5,29.3,31.1,Exposed 
10/25/2025 15:03,C,32.0,29.3,31.0,Exposed 
10/25/2025 15:13,C,31.5,29.2,30.9,Exposed 
10/25/2025 15:23,C,31.0,29.2,30.6,Exposed 
10/25/2025 15:33,C,30.5,29.2,30.1,Exposed 
10/25/2025 15:43,C,30.0,29.0,29.8,Exposed 
10/25/2025 15:53,C,30.0,29.0,29.6,Exposed 
10/25/2025 16:03,C,29.5,28.9,28.9,Exposed 
10/25/2025 16:13,C,29.5,28.8,28.4,Exposed 
10/25/2025 16:23,C,29.0,28.7,27.8,Exposed 
10/25/2025 16:33,C,28.5,28.6,27.2,Exposed 
10/25/2025 16:43,C,28.5,28.4,26.6,Exposed 
10/25/2025 16:53,C,28.0,28.3,26.2,Exposed 
10/25/2025 17:03,C,27.5,28.2,25.7,Exposed 
10/25/2025 17:13,C,27.0,28.0,25.2,Exposed 
10/25/2025 17:23,C,27.0,27.9,24.9,Exposed 
10/25/2025 17:33,C,26.5,27.7,24.5,Exposed 
10/25/2025 17:43,C,26.0,27.6,24.3,Exposed 
10/25/2025 17:53,C,25.5,27.4,24.1,Exposed 
10/25/2025 18:03,C,25.0,27.3,23.9,Exposed 
10/25/2025 18:13,C,25.0,27.1,23.6,Exposed 
10/25/2025 18:23,C,24.5,27.0,23.4,Exposed 
10/25/2025 18:33,C,24.5,26.8,23.2,Exposed 
10/25/2025 18:43,C,24.0,26.7,22.9,Exposed 
10/25/2025 18:53,C,24.0,26.5,22.7,Exposed 
10/25/2025 19:03,C,23.5,26.4,22.6,Exposed 
10/25/2025 19:13,C,23.5,26.3,22.5,Exposed 
10/25/2025 19:23,C,23.5,26.1,22.4,Exposed 
10/25/2025 19:33,C,23.0,26.0,22.3,Exposed 
10/25/2025 19:43,C,23.0,25.8,22.1,Exposed 
10/25/2025 19:53,C,23.0,25.7,22.0,Exposed 
10/25/2025 20:03,C,22.5,25.5,21.7,Exposed 
10/25/2025 20:13,C,22.5,25.4,21.6,Exposed 
10/25/2025 20:23,C,22.5,25.2,21.4,Exposed 
10/25/2025 20:33,C,22.0,25.1,21.3,Exposed 
10/25/2025 20:43,C,22.0,24.9,21.0,Exposed 
10/25/2025 20:53,C,22.0,24.8,21.0,Exposed 
10/25/2025 21:03,C,21.5,24.6,20.8,Exposed 
10/25/2025 21:13,C,21.5,24.5,20.7,Exposed 
10/25/2025 21:23,C,21.5,24.4,20.5,Exposed 
10/25/2025 21:33,C,21.0,24.2,20.3,Exposed 
10/25/2025 21:43,C,21.0,24.1,20.0,Exposed 
10/25/2025 21:53,C,21.0,24.0,19.8,Exposed 
10/25/2025 22:03,C,21.0,23.8,19.6,Exposed 
10/25/2025 22:13,C,20.5,23.7,19.5,Exposed 
10/25/2025 22:23,C,20.5,23.5,19.4,Exposed 
10/25/2025 22:33,C,20.5,23.4,19.3,Exposed 
10/25/2025 22:43,C,20.0,23.3,19.2,Exposed 
10/25/2025 22:53,C,20.0,23.1,19.1,Exposed 
10/25/2025 23:03,C,20.0,23.0,19.0,Exposed 
10/25/2025 23:13,C,20.0,22.9,18.8,Exposed 
10/25/2025 23:23,C,19.5,22.7,18.7,Exposed 
10/25/2025 23:33,C,19.5,22.6,18.5,Exposed 
10/25/2025 23:43,C,19.5,22.5,18.3,Exposed 
10/25/2025 23:53,C,19.5,22.4,18.1,Exposed 
10/26/2025 0:03,C,19.5,22.2,18.0,Exposed 
10/26/2025 0:13,C,19.0,22.1,18.0,Exposed 
10/26/2025 0:23,C,19.0,22.0,17.9,Exposed 
10/26/2025 0:33,C,18.5,21.8,17.9,Exposed 
10/26/2025 0:43,C,18.5,21.7,17.8,Exposed 
10/26/2025 0:53,C,18.5,21.6,17.7,Exposed 
10/26/2025 1:03,C,18.5,21.5,17.6,Exposed 
10/26/2025 1:13,C,18.5,21.4,17.5,Exposed 
10/26/2025 1:23,C,18.0,21.3,17.5,Exposed 
10/26/2025 1:33,C,18.0,21.1,17.5,Exposed 
10/26/2025 1:43,C,18.0,21.0,17.5,Exposed 
10/26/2025 1:53,C,18.0,20.9,17.5,Exposed 
10/26/2025 1:03,C,18.0,20.7,17.6,Exposed 
10/26/2025 1:13,C,17.5,20.7,17.5,Exposed 
10/26/2025 1:23,C,17.5,20.6,17.3,Exposed 
10/26/2025 1:33,C,17.5,20.4,17.1,Exposed 
10/26/2025 1:43,C,17.5,20.3,17.2,Exposed 
10/26/2025 1:53,C,17.5,20.2,17.0,Exposed 
10/26/2025 2:03,C,17.5,20.1,16.5,Exposed 
10/26/2025 2:13,C,17.5,20.0,16.1,Exposed 
10/26/2025 2:23,C,17.0,19.9,16.0,Exposed 
10/26/2025 2:33,C,17.0,19.7,15.9,Exposed 
10/26/2025 2:43,C,17.0,19.6,15.8,Exposed 
10/26/2025 2:53,C,17.0,19.5,15.8,Exposed 
10/26/2025 3:03,C,16.5,19.4,15.8,Exposed 
10/26/2025 3:13,C,16.5,19.3,15.8,Exposed 
10/26/2025 3:23,C,16.0,19.2,15.7,Exposed 
10/26/2025 3:33,C,16.0,19.1,15.6,Exposed 
10/26/2025 3:43,C,16.0,19.0,15.5,Exposed 
10/26/2025 3:53,C,16.0,18.8,15.6,Exposed 
10/26/2025 4:03,C,16.0,18.8,15.9,Exposed 
10/26/2025 4:13,C,16.0,18.7,16.1,Exposed 
10/26/2025 4:23,C,16.0,18.7,16.1,Exposed 
10/26/2025 4:33,C,15.5,18.7,15.9,Exposed 
10/26/2025 4:43,C,16.0,18.7,15.6,Exposed 
10/26/2025 4:53,C,16.5,18.7,15.5,Exposed 
10/26/2025 5:03,C,16.5,18.7,15.5,Exposed 
10/26/2025 5:13,C,16.5,18.7,15.6,Exposed 
10/26/2025 5:23,C,16.0,18.7,15.7,Exposed 
10/26/2025 5:33,C,16.0,18.8,16.0,Exposed 
10/26/2025 5:43,C,15.5,18.8,16.5,Exposed 
10/26/2025 5:53,C,15.5,18.8,17.0,Exposed 
10/26/2025 6:03,C,15.5,18.9,17.3,Exposed 
10/26/2025 6:13,C,16.0,19.0,17.4,Exposed 
10/26/2025 6:23,C,16.0,19.1,17.9,Exposed 
10/26/2025 6:33,C,16.5,19.2,18.6,Exposed 
10/26/2025 6:43,C,17.0,19.3,19.5,Exposed 
10/26/2025 6:53,C,17.5,19.4,20.2,Exposed 
10/26/2025 7:03,C,18.0,19.6,20.8,Exposed 
10/26/2025 7:13,C,18.5,19.8,21.5,Exposed 
10/26/2025 7:23,C,19.5,20.0,22.4,Exposed 
10/26/2025 7:33,C,20.5,20.3,23.1,Exposed 
10/26/2025 7:43,C,21.5,20.5,23.8,Exposed 
10/26/2025 7:53,C,22.0,20.7,24.5,Exposed 
10/26/2025 8:03,C,23.0,21.0,24.7,Exposed 
10/26/2025 8:13,C,24.0,21.3,25.0,Exposed 
10/26/2025 8:23,C,24.5,21.6,25.2,Exposed 
10/26/2025 8:33,C,25.5,21.9,25.5,Exposed 
10/26/2025 8:43,C,26.5,22.2,25.8,Exposed 
10/26/2025 8:53,C,27.0,22.5,26.0,Exposed 
10/26/2025 9:03,C,27.5,22.8,26.2,Exposed 
10/26/2025 9:13,C,28.0,23.2,26.4,Exposed 
10/26/2025 9:23,C,28.5,23.5,26.7,Exposed 
10/26/2025 9:33,C,29.0,23.8,27.0,Exposed 
10/26/2025 9:43,C,29.5,24.2,27.1,Exposed 
10/26/2025 9:53,C,29.5,24.5,27.4,Exposed 
10/26/2025 10:03,C,30.0,24.8,27.7,Exposed 
10/26/2025 10:13,C,30.0,25.2,27.6,Exposed 
10/26/2025 10:23,C,30.5,25.5,28.1,Exposed 
10/26/2025 10:33,C,31.0,25.8,27.7,Exposed 
10/26/2025 10:43,C,31.0,26.2,28.2,Exposed 
10/26/2025 10:53,C,31.0,26.5,28.5,Exposed 
10/26/2025 11:03,C,31.0,26.9,29.0,Exposed 
10/26/2025 11:13,C,31.5,27.2,29.2,Exposed 
10/26/2025 11:23,C,32.0,27.5,28.9,Exposed 
10/26/2025 11:33,C,32.5,27.8,29.1,Exposed 
10/26/2025 11:43,C,32.5,28.1,29.4,Exposed 
10/26/2025 11:53,C,32.5,28.4,29.5,Exposed 
10/26/2025 12:03,C,33.0,28.7,29.5,Exposed 
10/26/2025 12:13,C,33.5,29.0,29.9,Exposed 
10/26/2025 12:23,C,33.0,29.2,29.6,Exposed 
10/26/2025 12:33,C,33.0,29.5,29.6,Exposed 
10/26/2025 12:43,C,33.5,29.7,29.6,Exposed 
10/26/2025 12:53,C,33.5,29.9,30.1,Exposed 
10/26/2025 13:03,C,33.5,30.1,29.9,Exposed 
10/26/2025 13:13,C,33.0,30.3,30.2,Exposed 
10/26/2025 13:23,C,33.0,30.4,30.1,Exposed 
10/26/2025 13:33,C,32.5,30.5,30.0,Exposed 
10/26/2025 13:43,C,32.5,30.5,30.2,Exposed 
10/26/2025 13:53,C,32.0,30.5,29.5,Exposed 
10/26/2025 14:03,C,31.0,30.5,29.3,Exposed 
10/26/2025 14:13,C,31.0,30.4,28.6,Exposed 
10/26/2025 14:23,C,30.5,30.4,28.5,Exposed 
10/26/2025 14:33,C,30.0,30.3,28.0,Exposed 
10/26/2025 14:43,C,29.5,30.2,27.6,Exposed 
10/26/2025 14:53,C,29.0,30.2,27.2,Exposed 
10/26/2025 15:03,C,28.5,30.1,26.7,Exposed 
10/26/2025 15:13,C,28.0,30.0,26.3,Exposed 
10/26/2025 15:23,C,28.0,29.9,25.8,Exposed 
10/26/2025 15:33,C,27.5,29.8,25.4,Exposed 
10/26/2025 15:43,C,27.0,29.7,25.0,Exposed 
10/26/2025 15:53,C,27.0,29.6,24.5,Exposed 
10/26/2025 16:03,C,26.5,29.4,24.2,Exposed 
10/26/2025 16:13,C,26.0,29.3,23.9,Exposed 
10/26/2025 16:23,C,25.5,29.2,23.6,Exposed 
10/26/2025 16:33,C,25.5,29.0,23.4,Exposed 
10/26/2025 16:43,C,25.0,28.9,23.2,Exposed 
10/26/2025 16:53,C,24.5,28.7,23.1,Exposed 
10/26/2025 17:03,C,24.5,28.6,22.9,Exposed 
10/26/2025 17:13,C,24.0,28.4,22.8,Exposed 
10/26/2025 17:23,C,24.0,28.3,22.7,Exposed 
10/26/2025 17:33,C,23.5,28.1,22.5,Exposed 
10/26/2025 17:43,C,23.5,28.0,22.4,Exposed 
10/26/2025 17:53,C,23.5,27.9,22.3,Exposed 
10/26/2025 18:03,C,23.0,27.7,22.2,Exposed 
10/26/2025 18:13,C,23.0,27.6,22.1,Exposed 
10/26/2025 18:23,C,23.0,27.5,22.0,Exposed 
10/26/2025 18:33,C,23.0,27.4,21.8,Exposed 
10/26/2025 18:43,C,22.5,27.2,21.7,Exposed 
10/26/2025 18:53,C,22.5,27.1,21.6,Exposed 
10/26/2025 19:03,C,22.5,26.9,21.5,Exposed 
10/26/2025 19:13,C,22.5,26.8,21.4,Exposed 
10/26/2025 19:23,C,22.0,26.6,21.2,Exposed 
10/26/2025 19:33,C,22.0,26.5,21.1,Exposed 
10/26/2025 19:43,C,22.0,26.3,21.0,Exposed 
10/26/2025 19:53,C,21.5,26.3,20.9,Exposed 
10/26/2025 20:03,C,21.5,26.1,20.9,Exposed 
10/26/2025 20:13,C,21.5,26.0,20.8,Exposed 
10/26/2025 20:23,C,21.5,25.9,20.7,Exposed 
10/26/2025 20:33,C,21.0,25.8,20.6,Exposed 
10/26/2025 20:43,C,21.0,25.6,20.4,Exposed 
10/26/2025 20:53,C,21.0,25.5,20.2,Exposed 
10/26/2025 21:03,C,21.0,25.4,20.1,Exposed 
10/26/2025 21:13,C,21.0,25.3,19.9,Exposed 
10/26/2025 21:23,C,20.5,25.2,19.8,Exposed 
10/26/2025 21:33,C,20.5,25.1,19.7,Exposed 
10/26/2025 21:43,C,20.5,25.0,19.6,Exposed 
10/26/2025 21:53,C,20.5,24.9,19.8,Exposed 
10/26/2025 22:03,C,20.5,24.9,20.0,Exposed 
10/26/2025 22:13,C,20.0,24.8,20.0,Exposed 
10/26/2025 22:23,C,20.0,24.7,19.9,Exposed 
10/26/2025 22:33,C,20.0,24.6,19.8,Exposed 
10/26/2025 22:43,C,20.0,24.5,19.6,Exposed 
10/26/2025 22:53,C,20.0,24.4,19.5,Exposed 
10/26/2025 23:03,C,20.0,24.3,19.4,Exposed 
10/26/2025 23:13,C,20.0,24.3,19.3,Exposed 
10/26/2025 23:23,C,20.0,24.2,19.2,Exposed 
10/26/2025 23:33,C,19.5,24.1,19.1,Exposed 
10/26/2025 23:43,C,19.5,24.1,19.0,Exposed 
10/26/2025 23:53,C,19.5,24.0,19.0,Exposed 
10/27/2025 0:03,C,19.5,23.9,18.8,Exposed 
10/27/2025 0:13,C,19.0,23.9,18.6,Exposed 
10/27/2025 0:23,C,19.0,23.8,18.5,Exposed 
10/27/2025 0:33,C,19.0,23.7,18.3,Exposed 
10/27/2025 0:43,C,19.0,23.7,18.2,Exposed 
10/27/2025 0:53,C,19.0,23.6,18.0,Exposed 
10/27/2025 1:03,C,18.5,23.5,17.9,Exposed 
10/27/2025 1:13,C,18.5,23.5,17.9,Exposed 
10/27/2025 1:23,C,18.5,23.4,17.9,Exposed 
10/27/2025 1:33,C,18.0,23.3,17.8,Exposed 
10/27/2025 1:43,C,18.0,23.2,17.6,Exposed 
10/27/2025 1:53,C,18.0,23.1,17.2,Exposed 
10/27/2025 2:03,C,18.0,23.1,17.1,Exposed 
10/27/2025 2:13,C,18.0,23.0,17.1,Exposed 
10/27/2025 2:23,C,18.0,22.9,17.1,Exposed 
10/27/2025 2:33,C,17.5,22.8,17.1,Exposed 
10/27/2025 2:43,C,17.5,22.8,17.1,Exposed 
10/27/2025 2:53,C,17.5,22.7,17.1,Exposed 
10/27/2025 3:03,C,17.5,22.7,17.1,Exposed 
10/27/2025 3:13,C,17.0,22.6,17.1,Exposed 
10/27/2025 3:23,C,17.0,22.6,16.9,Exposed 
10/27/2025 3:33,C,17.0,22.5,16.7,Exposed 
10/27/2025 3:43,C,17.0,22.4,16.8,Exposed 
10/27/2025 3:53,C,17.0,22.4,16.8,Exposed 
10/27/2025 4:03,C,17.0,22.3,16.6,Exposed 
10/27/2025 4:13,C,17.0,22.3,16.4,Exposed 
10/27/2025 4:23,C,17.0,22.2,16.3,Exposed 
10/27/2025 4:33,C,17.0,22.2,15.9,Exposed 
10/27/2025 4:43,C,16.5,22.2,15.8,Exposed 
10/27/2025 4:53,C,16.5,22.1,15.8,Exposed 
10/27/2025 5:03,C,16.5,22.1,15.8,Exposed 
10/27/2025 5:13,C,16.5,22.0,15.9,Exposed 
10/27/2025 5:23,C,16.0,21.9,16.1,Exposed 
10/27/2025 5:33,C,16.0,21.9,16.7,Exposed 
10/27/2025 5:43,C,16.0,21.8,17.2,Exposed 
10/27/2025 5:53,C,16.0,21.7,17.8,Exposed 
10/27/2025 6:03,C,16.0,21.7,18.3,Exposed 
10/27/2025 6:13,C,16.5,21.6,18.6,Exposed 
10/27/2025 6:23,C,16.5,21.6,19.1,Exposed 
10/27/2025 6:33,C,17.0,21.6,19.6,Exposed 
10/27/2025 6:43,C,17.5,21.6,20.2,Exposed 
10/27/2025 6:53,C,18.0,21.7,21.0,Exposed 
10/27/2025 7:03,C,18.5,21.7,21.8,Exposed 
10/27/2025 7:13,C,19.5,21.8,22.6,Exposed 
10/27/2025 7:23,C,20.0,22.0,23.0,Exposed 
10/27/2025 7:33,C,21.0,22.2,23.4,Exposed 
10/27/2025 7:43,C,22.0,22.4,23.7,Exposed 
10/27/2025 7:53,C,23.0,22.6,24.1,Exposed 
10/27/2025 8:03,C,24.0,22.8,24.4,Exposed 
10/27/2025 8:13,C,24.5,23.1,24.9,Exposed 
10/27/2025 8:23,C,25.0,23.3,25.4,Exposed 
10/27/2025 8:33,C,25.5,23.6,25.7,Exposed 
10/27/2025 8:43,C,26.0,23.9,25.9,Exposed 
10/27/2025 8:53,C,27.0,24.2,26.5,Exposed 
10/27/2025 9:03,C,27.5,24.6,26.7,Exposed 
10/27/2025 9:13,C,28.0,24.9,27.4,Exposed 
10/27/2025 9:23,C,28.5,25.2,27.6,Exposed 
10/27/2025 9:33,C,29.0,25.5,27.8,Exposed 
10/27/2025 9:43,C,29.5,25.8,27.8,Exposed 
10/27/2025 9:53,C,30.0,26.2,27.9,Exposed 
10/27/2025 10:03,C,30.5,26.5,28.3,Exposed 
10/27/2025 10:13,C,30.5,26.8,28.5,Exposed 
10/27/2025 10:23,C,31.0,27.2,28.3,Exposed 
10/27/2025 10:33,C,31.5,27.5,28.7,Exposed 
10/27/2025 10:43,C,31.5,27.8,28.9,Exposed 
10/27/2025 10:53,C,32.0,28.1,29.0,Exposed 
10/27/2025 11:03,C,32.0,28.5,29.2,Exposed 
10/27/2025 11:13,C,32.0,28.8,29.2,Exposed 
10/27/2025 11:23,C,32.5,29.2,29.6,Exposed 
10/27/2025 11:33,C,33.0,29.4,29.8,Exposed 
10/27/2025 11:43,C,33.5,29.7,29.9,Exposed 
10/27/2025 11:53,C,33.0,30.0,29.8,Exposed 
10/27/2025 12:03,C,33.0,30.3,29.9,Exposed 
10/27/2025 12:13,C,33.5,30.6,30.1,Exposed 
10/27/2025 12:23,C,33.5,30.8,30.3,Exposed 
10/27/2025 12:33,C,33.0,31.1,30.5,Exposed 
10/27/2025 12:43,C,33.5,31.3,30.5,Exposed 
10/27/2025 12:53,C,33.5,31.5,30.4,Exposed 
10/27/2025 13:03,C,33.0,31.7,30.3,Exposed 
10/27/2025 13:13,C,33.5,31.9,30.3,Exposed 
10/27/2025 13:23,C,33.0,32.0,30.4,Exposed 
10/27/2025 13:33,C,33.0,32.0,30.6,Exposed 
10/27/2025 13:43,C,33.0,32.0,30.7,Exposed 
10/27/2025 13:53,C,32.0,32.0,30.0,Exposed 
10/27/2025 14:03,C,31.5,32.0,29.7,Exposed 
10/27/2025 14:13,C,31.0,31.9,29.5,Exposed 
10/27/2025 14:23,C,30.5,31.8,29.1,Exposed 
10/27/2025 14:33,C,30.0,31.7,28.8,Exposed 
10/27/2025 14:43,C,29.5,31.6,28.4,Exposed 
10/27/2025 14:53,C,29.0,31.5,28.2,Exposed 
10/27/2025 15:03,C,29.0,31.3,27.6,Exposed 
10/27/2025 15:13,C,28.5,31.2,27.2,Exposed 
10/27/2025 15:23,C,28.0,31.1,26.6,Exposed 
10/27/2025 15:33,C,27.5,30.9,26.1,Exposed 
10/27/2025 15:43,C,27.5,30.8,25.6,Exposed 
10/27/2025 15:53,C,27.0,30.6,25.1,Exposed 
10/27/2025 16:03,C,27.0,30.5,24.7,Exposed 
10/27/2025 16:13,C,26.5,30.3,24.3,Exposed 
10/27/2025 16:23,C,26.0,30.2,24.0,Exposed 
10/27/2025 16:33,C,25.5,30.0,23.7,Exposed 
10/27/2025 16:43,C,25.5,29.8,23.5,Exposed 
10/27/2025 16:53,C,25.0,29.6,23.3,Exposed 
10/27/2025 17:03,C,24.5,29.5,23.0,Exposed 
10/27/2025 17:13,C,24.5,29.3,22.8,Exposed 
10/27/2025 17:23,C,24.0,29.2,22.6,Exposed 
10/27/2025 17:33,C,24.0,28.9,22.5,Exposed 
10/27/2025 17:43,C,23.5,28.8,22.3,Exposed 
10/27/2025 17:53,C,23.5,28.6,22.1,Exposed 
10/27/2025 18:03,C,23.0,28.5,22.0,Exposed 
10/27/2025 18:13,C,23.0,28.3,21.8,Exposed 
10/27/2025 18:23,C,23.0,28.2,21.7,Exposed 
10/27/2025 18:33,C,22.5,28.0,21.6,Exposed 
10/27/2025 18:43,C,22.5,27.8,21.5,Exposed 
10/27/2025 18:53,C,22.5,27.6,21.4,Exposed 
10/27/2025 19:03,C,22.0,27.5,21.4,Exposed 
10/27/2025 19:13,C,22.0,27.3,21.3,Exposed 
10/27/2025 19:23,C,22.0,27.2,21.2,Exposed 
10/27/2025 19:33,C,21.5,27.0,21.2,Exposed 
10/27/2025 19:43,C,21.5,26.9,21.1,Exposed 
10/27/2025 19:53,C,21.5,26.7,21.0,Exposed 
10/27/2025 20:03,C,21.5,26.5,20.9,Exposed 
10/27/2025 20:13,C,21.5,26.4,20.8,Exposed 
10/27/2025 20:23,C,21.0,26.3,20.8,Exposed 
10/27/2025 20:33,C,21.0,26.1,20.7,Exposed 
10/27/2025 20:43,C,21.0,25.9,20.5,Exposed 
10/27/2025 20:53,C,21.0,25.8,20.4,Exposed 
10/27/2025 21:03,C,21.0,25.6,20.3,Exposed 
10/27/2025 21:13,C,20.5,25.4,20.2,Exposed 
10/27/2025 21:23,C,20.5,25.3,20.1,Exposed 
10/27/2025 21:33,C,20.5,25.1,20.1,Exposed 
10/27/2025 21:43,C,20.5,24.9,19.9,Exposed 
10/27/2025 21:53,C,20.0,24.8,19.7,Exposed 
10/27/2025 22:03,C,20.0,24.7,19.5,Exposed 
10/27/2025 22:13,C,20.0,24.5,19.4,Exposed 
10/27/2025 22:23,C,20.0,24.4,19.3,Exposed 
10/27/2025 22:33,C,20.0,24.2,19.1,Exposed 
10/27/2025 22:43,C,20.0,24.1,18.9,Exposed 
10/27/2025 22:53,C,19.5,23.9,18.7,Exposed 
10/27/2025 23:03,C,19.5,23.8,18.6,Exposed 
10/27/2025 23:13,C,19.5,23.6,18.5,Exposed 
10/27/2025 23:23,C,19.5,23.5,18.3,Exposed 
10/27/2025 23:33,C,19.0,23.3,18.2,Exposed 
10/27/2025 23:43,C,19.0,23.1,18.1,Exposed 
10/27/2025 23:53,C,19.0,23.0,18.0,Exposed 
10/28/2025 0:03,C,19.0,22.8,17.9,Exposed 
10/28/2025 0:13,C,18.5,22.7,17.9,Exposed 
10/28/2025 0:23,C,18.5,22.5,17.8,Exposed 
10/28/2025 0:33,C,18.5,22.4,17.8,Exposed 
10/28/2025 0:43,C,18.5,22.2,17.7,Exposed 
10/28/2025 0:53,C,18.0,22.1,17.6,Exposed 
10/28/2025 1:03,C,18.0,22.0,17.5,Exposed 
10/28/2025 1:13,C,18.0,21.8,17.3,Exposed 
10/28/2025 1:23,C,18.0,21.7,17.2,Exposed 
10/28/2025 1:33,C,18.0,21.6,17.1,Exposed 
10/28/2025 1:43,C,18.0,21.5,17.0,Exposed 
10/28/2025 1:53,C,17.5,21.3,16.9,Exposed 
10/28/2025 2:03,C,17.5,21.2,16.8,Exposed 
10/28/2025 2:13,C,17.5,21.1,16.8,Exposed 
10/28/2025 2:23,C,17.0,20.9,16.8,Exposed 
10/28/2025 2:33,C,17.0,20.7,16.8,Exposed 
10/28/2025 2:43,C,17.0,20.6,16.8,Exposed 
10/28/2025 2:53,C,17.0,20.5,16.7,Exposed 
10/28/2025 3:03,C,17.0,20.4,16.6,Exposed 
10/28/2025 3:13,C,17.0,20.2,16.5,Exposed 
10/28/2025 3:23,C,17.0,20.1,16.4,Exposed 
10/28/2025 3:33,C,17.0,20.0,16.2,Exposed 
10/28/2025 3:43,C,17.0,19.8,16.0,Exposed 
10/28/2025 3:53,C,16.5,19.7,15.8,Exposed 
10/28/2025 4:03,C,16.5,19.6,15.7,Exposed 
10/28/2025 4:13,C,16.5,19.5,15.8,Exposed 
10/28/2025 4:23,C,16.5,19.4,15.8,Exposed 
10/28/2025 4:33,C,16.5,19.3,15.8,Exposed 
10/28/2025 4:43,C,16.0,19.2,15.9,Exposed 
10/28/2025 4:53,C,16.0,19.0,15.8,Exposed 
10/28/2025 5:03,C,16.0,18.9,15.9,Exposed 
10/28/2025 5:13,C,16.0,18.8,15.9,Exposed 
10/28/2025 5:23,C,16.0,18.7,16.1,Exposed 
10/28/2025 5:33,C,16.0,18.6,16.3,Exposed 
10/28/2025 5:43,C,16.0,18.5,16.6,Exposed 
10/28/2025 5:53,C,16.0,18.4,17.0,Exposed 
10/28/2025 6:03,C,16.0,18.3,17.3,Exposed 
10/28/2025 6:13,C,16.0,18.3,17.4,Exposed 
10/28/2025 6:23,C,16.5,18.2,17.8,Exposed 
10/28/2025 6:33,C,17.0,18.2,18.2,Exposed 
10/28/2025 6:43,C,17.0,18.2,18.6,Exposed 
10/28/2025 6:53,C,17.5,18.2,19.1,Exposed 
10/28/2025 7:03,C,18.0,18.3,19.6,Exposed 
10/28/2025 7:13,C,18.5,18.4,20.1,Exposed 
10/28/2025 7:23,C,19.5,18.5,20.7,Exposed 
10/28/2025 7:33,C,20.0,18.7,21.3,Exposed 
10/28/2025 7:43,C,21.0,18.9,21.9,Exposed 
10/28/2025 7:53,C,21.5,19.1,22.7,Exposed 
10/28/2025 8:03,C,22.0,19.3,23.1,Exposed 
10/28/2025 8:13,C,23.0,19.5,23.8,Exposed 
10/28/2025 8:23,C,23.5,19.8,24.4,Exposed 
10/28/2025 8:33,C,24.5,20.1,24.8,Exposed 
10/28/2025 8:43,C,25.0,20.3,25.0,Exposed 
10/28/2025 8:53,C,25.5,20.7,25.8,Exposed 
10/28/2025 9:03,C,26.5,21.0,26.4,Exposed 
10/28/2025 9:13,C,27.0,21.3,26.7,Exposed 
10/28/2025 9:23,C,27.5,21.6,27.1,Exposed 
10/28/2025 9:33,C,28.0,22.0,27.4,Exposed 
10/28/2025 9:43,C,29.0,22.3,27.6,Exposed 
10/28/2025 9:53,C,30.0,22.6,27.5,Exposed 
10/28/2025 10:03,C,30.0,23.0,27.9,Exposed 
10/28/2025 10:13,C,30.5,20.9,28.4,Exposed 
10/28/2025 10:23,C,31.0,21.1,28.5,Exposed 
10/28/2025 10:33,C,31.0,21.2,28.8,Exposed 
10/28/2025 10:43,C,31.0,21.3,28.9,Exposed 
10/28/2025 10:53,C,33.5,21.5,29.2,Exposed 
10/28/2025 11:03,C,34.5,21.7,29.4,Exposed 
10/28/2025 11:13,C,35.0,21.9,29.4,Exposed 
10/28/2025 11:23,C,35.0,22.3,29.3,Exposed 
10/28/2025 11:33,C,36.0,22.6,29.7,Exposed 
10/28/2025 11:43,C,36.0,23.0,29.7,Exposed 
10/28/2025 11:53,C,36.0,23.4,29.4,Exposed 
10/28/2025 12:03,C,36.5,23.9,29.7,Exposed 
10/28/2025 12:13,C,36.5,24.3,29.9,Exposed 
10/28/2025 12:23,C,36.0,24.7,29.9,Exposed 
10/28/2025 12:33,C,36.5,25.1,30.1,Exposed 
10/28/2025 12:43,C,36.0,25.5,30.4,Exposed 
10/28/2025 12:53,C,36.5,25.8,30.3,Exposed 
10/28/2025 13:03,C,36.5,26.2,30.2,Exposed 
10/28/2025 13:13,C,36.5,26.5,30.2,Exposed 
10/28/2025 13:23,C,36.0,26.9,30.2,Exposed 
10/28/2025 13:33,C,36.0,27.2,30.0,Exposed 
10/28/2025 13:43,C,35.5,27.5,29.6,Exposed 
10/28/2025 13:53,C,35.0,27.7,29.2,Exposed 
10/28/2025 14:03,C,34.5,28.0,28.9,Exposed 
10/28/2025 14:13,C,33.5,28.2,28.8,Exposed 
10/28/2025 14:23,C,32.5,28.4,28.8,Exposed 
10/28/2025 14:33,C,32.0,28.6,28.6,Exposed 
10/28/2025 14:43,C,31.5,28.7,28.4,Exposed 
10/28/2025 14:53,C,30.5,28.7,28.1,Exposed 
10/28/2025 15:03,C,30.0,28.7,27.7,Exposed 
10/28/2025 15:13,C,29.5,28.7,27.2,Exposed 
10/28/2025 15:23,C,29.5,28.7,26.7,Exposed 
10/28/2025 15:33,C,29.0,28.6,26.2,Exposed 
10/28/2025 15:43,C,28.5,28.6,25.6,Exposed 
10/28/2025 15:53,C,28.5,28.5,25.0,Exposed 
10/28/2025 16:03,C,28.0,28.4,24.5,Exposed 
10/28/2025 16:13,C,27.5,28.3,24.1,Exposed 
10/28/2025 16:23,C,27.0,28.2,23.7,Exposed 
10/28/2025 16:33,C,27.0,28.2,23.5,Exposed 
10/28/2025 16:43,C,26.5,28.1,23.2,Exposed 
10/28/2025 16:53,C,26.0,28.0,23.0,Exposed 
10/28/2025 17:03,C,25.5,27.8,22.8,Exposed 
10/28/2025 17:13,C,25.0,27.7,22.6,Exposed 
10/28/2025 17:23,C,25.0,27.6,22.4,Exposed 
10/28/2025 17:33,C,24.5,27.5,22.2,Exposed 
10/28/2025 17:43,C,24.5,27.3,22.0,Exposed 
10/28/2025 17:53,C,24.0,27.2,21.8,Exposed 
10/28/2025 18:03,C,24.0,27.0,21.6,Exposed 
10/28/2025 18:13,C,23.5,26.9,21.5,Exposed 
10/28/2025 18:23,C,23.5,26.8,21.3,Exposed 
10/28/2025 18:33,C,23.5,26.6,21.2,Exposed 
10/28/2025 18:43,C,23.0,26.4,21.1,Exposed 
10/28/2025 18:53,C,23.0,26.3,21.0,Exposed 
10/28/2025 19:03,C,22.5,26.2,20.9,Exposed 
10/28/2025 19:13,C,22.5,26.0,20.8,Exposed 
10/28/2025 19:23,C,22.5,25.9,20.6,Exposed 
10/28/2025 19:33,C,22.5,25.7,20.6,Exposed 
10/28/2025 19:43,C,22.0,25.6,20.5,Exposed 
10/28/2025 19:53,C,22.0,25.4,20.4,Exposed 
10/28/2025 20:03,C,22.0,25.3,20.2,Exposed 
10/28/2025 20:13,C,22.0,25.1,20.1,Exposed 
10/28/2025 20:23,C,21.5,25.0,19.9,Exposed 
10/28/2025 20:33,C,21.5,24.8,19.8,Exposed 
10/28/2025 20:43,C,21.5,24.7,19.7,Exposed 
10/28/2025 20:53,C,21.5,24.6,19.7,Exposed 
10/28/2025 21:03,C,21.0,24.4,19.6,Exposed 
10/28/2025 21:13,C,21.0,24.3,19.6,Exposed 
10/28/2025 21:23,C,21.0,24.2,19.6,Exposed 
10/28/2025 21:33,C,21.0,24.0,19.6,Exposed 
10/28/2025 21:43,C,21.0,23.9,19.6,Exposed 
10/28/2025 21:53,C,20.5,23.8,19.4,Exposed 
10/28/2025 22:03,C,20.5,23.6,19.2,Exposed 
10/28/2025 22:13,C,20.5,23.5,19.0,Exposed 
10/28/2025 22:23,C,20.5,23.4,19.0,Exposed 
10/28/2025 22:33,C,20.5,23.3,19.0,Exposed 
10/28/2025 22:43,C,20.5,23.1,19.0,Exposed 
10/28/2025 22:53,C,20.5,23.0,19.2,Exposed 
10/28/2025 23:03,C,20.0,22.9,19.3,Exposed 
10/28/2025 23:13,C,20.0,22.8,19.3,Exposed 
10/28/2025 23:23,C,20.0,22.7,19.2,Exposed 
10/28/2025 23:33,C,20.0,22.6,19.2,Exposed 
10/28/2025 23:43,C,20.0,22.5,19.3,Exposed 
10/28/2025 23:53,C,20.0,22.4,19.3,Exposed 
10/29/2025 0:03,C,20.0,22.3,19.1,Exposed 
10/29/2025 0:13,C,20.0,22.2,19.0,Exposed 
10/29/2025 0:23,C,20.0,22.1,18.9,Exposed 
10/29/2025 0:33,C,20.0,22.1,18.8,Exposed 
10/29/2025 0:43,C,20.0,21.9,19.0,Exposed 
10/29/2025 0:53,C,19.5,21.9,19.0,Exposed 
10/29/2025 1:03,C,19.5,21.8,18.8,Exposed 
10/29/2025 1:13,C,19.5,21.7,18.7,Exposed 
10/29/2025 1:23,C,19.0,21.6,18.6,Exposed 
10/29/2025 1:33,C,19.5,21.5,18.5,Exposed 
10/29/2025 1:43,C,19.5,21.4,18.3,Exposed 
10/29/2025 1:53,C,19.5,21.3,18.2,Exposed 
10/29/2025 2:03,C,19.5,21.2,18.0,Exposed 
10/29/2025 2:13,C,19.5,21.1,17.9,Exposed 
10/29/2025 2:23,C,19.0,21.0,17.8,Exposed 
10/29/2025 2:33,C,19.0,21.0,17.7,Exposed 
10/29/2025 2:43,C,18.5,20.9,17.6,Exposed 
10/29/2025 2:53,C,18.5,20.7,17.5,Exposed 
10/29/2025 3:03,C,18.5,20.7,17.5,Exposed 
10/29/2025 3:13,C,18.5,20.6,17.4,Exposed 
10/29/2025 3:23,C,18.5,20.5,17.5,Exposed 
10/29/2025 3:33,C,18.0,20.4,17.3,Exposed 
10/29/2025 3:43,C,18.0,20.3,17.1,Exposed 
10/29/2025 3:53,C,18.0,20.3,17.0,Exposed 
10/29/2025 4:03,C,18.0,20.2,16.9,Exposed 
10/29/2025 4:13,C,18.0,20.1,16.9,Exposed 
10/29/2025 4:23,C,17.5,20.0,16.7,Exposed 
10/29/2025 4:33,C,17.5,19.9,16.5,Exposed 
10/29/2025 4:43,C,17.5,19.8,16.1,Exposed 
10/29/2025 4:53,C,17.5,19.7,16.0,Exposed 
10/29/2025 5:03,C,17.0,19.6,15.9,Exposed 
10/29/2025 5:13,C,17.0,19.4,15.8,Exposed 
10/29/2025 5:23,C,17.0,19.3,15.6,Exposed 
10/29/2025 5:33,C,17.0,19.3,15.6,Exposed 
10/29/2025 5:43,C,16.5,19.2,15.7,Exposed 
10/29/2025 5:53,C,16.5,19.1,15.9,Exposed 
10/29/2025 6:03,C,16.5,19.0,16.1,Exposed 
10/29/2025 6:13,C,16.5,18.9,16.3,Exposed 
10/29/2025 6:23,C,16.5,18.8,16.9,Exposed 
10/29/2025 6:33,C,16.5,18.7,17.5,Exposed 
10/29/2025 6:43,C,17.0,18.6,18.1,Exposed 
10/29/2025 6:53,C,17.5,18.5,18.6,Exposed 
10/29/2025 7:03,C,18.0,18.5,19.3,Exposed 
10/29/2025 7:13,C,18.5,18.4,19.9,Exposed 
10/29/2025 7:23,C,19.5,18.4,20.5,Exposed 
10/29/2025 7:33,C,20.5,18.3,20.9,Exposed 
10/29/2025 7:43,C,21.5,18.4,21.4,Exposed 
10/29/2025 7:53,C,22.0,18.4,22.0,Exposed 
10/29/2025 8:03,C,23.0,18.5,22.8,Exposed 
10/29/2025 8:13,C,24.0,18.5,23.3,Exposed 
10/29/2025 8:23,C,24.5,18.6,23.4,Exposed 
10/29/2025 8:33,C,24.5,18.7,23.5,Exposed 
10/29/2025 8:43,C,26.0,18.8,23.9,Exposed 
10/29/2025 8:53,C,26.5,19.0,24.3,Exposed 
10/29/2025 9:03,C,27.5,19.2,24.5,Exposed 
10/29/2025 9:13,C,27.5,19.5,24.8,Exposed 
10/29/2025 9:23,C,27.0,19.8,25.1,Exposed 
10/29/2025 9:33,C,29.5,20.0,25.3,Exposed 
10/29/2025 9:43,C,30.0,20.3,25.3,Exposed 
10/29/2025 9:53,C,30.5,20.6,25.6,Exposed 
10/29/2025 10:03,C,31.5,20.9,25.6,Exposed 
10/29/2025 10:13,C,32.0,21.2,25.9,Exposed 
10/29/2025 10:23,C,32.0,21.6,25.9,Exposed 
10/29/2025 10:33,C,32.5,22.0,26.3,Exposed 
10/29/2025 10:43,C,33.5,22.3,26.6,Exposed 
10/29/2025 10:53,C,33.0,22.6,26.5,Exposed 
10/29/2025 11:03,C,33.5,23.0,26.6,Exposed 
10/29/2025 11:13,C,33.5,23.4,27.1,Exposed 
10/29/2025 11:23,C,33.5,23.7,27.2,Exposed 
10/29/2025 11:33,C,34.0,24.0,27.7,Exposed 
10/29/2025 11:43,C,34.5,24.4,27.7,Exposed 
10/29/2025 11:53,C,33.5,24.7,27.8,Exposed 
10/29/2025 12:03,C,34.5,25.0,27.9,Exposed 
10/29/2025 12:13,C,34.5,25.3,28.0,Exposed 
10/29/2025 12:23,C,34.5,25.6,28.3,Exposed 
10/29/2025 12:33,C,35.0,25.9,28.1,Exposed 
10/29/2025 12:43,C,35.0,26.2,28.1,Exposed 
10/29/2025 12:53,C,35.5,26.4,28.0,Exposed 
10/29/2025 13:03,C,35.0,26.7,27.9,Exposed 
10/29/2025 13:13,C,35.0,27.0,27.7,Exposed 
10/29/2025 13:23,C,34.5,27.2,27.7,Exposed 
10/29/2025 13:33,C,34.5,27.5,27.8,Exposed 
10/29/2025 13:43,C,34.0,27.7,27.8,Exposed 
10/29/2025 13:53,C,33.5,27.9,27.4,Exposed 
10/29/2025 14:03,C,32.0,28.1,27.2,Exposed 
10/29/2025 14:13,C,31.5,28.2,27.0,Exposed 
10/29/2025 14:23,C,31.0,28.3,26.7,Exposed 
10/29/2025 14:33,C,30.5,28.4,26.3,Exposed 
10/29/2025 14:43,C,29.5,28.4,26.1,Exposed 
10/29/2025 14:53,C,29.0,28.3,26.1,Exposed 
10/29/2025 15:03,C,28.5,28.3,25.6,Exposed 
10/29/2025 15:13,C,28.0,28.2,25.2,Exposed 
10/29/2025 15:23,C,27.5,28.1,24.9,Exposed 
10/29/2025 15:33,C,27.0,28.0,24.5,Exposed 
10/29/2025 15:43,C,27.0,27.9,24.1,Exposed 
10/29/2025 15:53,C,26.5,27.8,23.7,Exposed 
10/29/2025 16:03,C,26.0,27.7,23.4,Exposed 
10/29/2025 16:13,C,26.0,27.5,23.1,Exposed 
10/29/2025 16:23,C,25.5,27.4,22.8,Exposed 
10/29/2025 16:33,C,25.0,27.3,22.6,Exposed 
10/29/2025 16:43,C,25.0,27.1,22.4,Exposed 
10/29/2025 16:53,C,24.5,27.0,22.3,Exposed 
10/29/2025 17:03,C,24.5,26.9,22.1,Exposed 
10/29/2025 17:13,C,24.0,26.7,22.0,Exposed 
10/29/2025 17:23,C,24.0,26.5,21.8,Exposed 
10/29/2025 17:33,C,23.5,26.4,21.7,Exposed 
10/29/2025 17:43,C,23.5,26.3,21.5,Exposed 
10/29/2025 17:53,C,23.5,26.1,21.3,Exposed 
10/29/2025 18:03,C,23.0,26.0,21.2,Exposed 
10/29/2025 18:13,C,23.0,25.8,21.1,Exposed 
10/29/2025 18:23,C,23.0,25.7,20.9,Exposed 
10/29/2025 18:33,C,22.5,25.5,20.8,Exposed 
10/29/2025 18:43,C,22.5,25.4,20.7,Exposed 
10/29/2025 18:53,C,22.5,25.3,20.5,Exposed 
10/29/2025 19:03,C,22.0,25.1,20.4,Exposed 
10/29/2025 19:13,C,22.0,25.0,20.3,Exposed 
10/29/2025 19:23,C,22.0,24.9,20.2,Exposed 
10/29/2025 19:33,C,21.5,24.7,20.2,Exposed 
10/29/2025 19:43,C,21.5,24.6,20.1,Exposed 
10/29/2025 19:53,C,21.5,24.4,20.0,Exposed 
10/29/2025 20:03,C,21.5,24.3,19.8,Exposed 
10/29/2025 20:13,C,21.0,24.1,19.7,Exposed 
10/29/2025 20:23,C,21.0,24.0,19.5,Exposed 
10/29/2025 20:33,C,21.0,23.9,19.4,Exposed 
10/29/2025 20:43,C,21.0,23.8,19.4,Exposed 
10/29/2025 20:53,C,20.5,23.6,19.2,Exposed 
10/29/2025 21:03,C,20.5,23.5,19.1,Exposed 
10/29/2025 21:13,C,20.5,23.4,19.0,Exposed 
10/29/2025 21:23,C,20.5,23.2,18.9,Exposed 
10/29/2025 21:33,C,20.0,23.1,18.8,Exposed 
10/29/2025 21:43,C,20.0,23.0,18.7,Exposed 
10/29/2025 21:53,C,20.0,22.8,18.6,Exposed 
10/29/2025 22:03,C,20.0,22.7,18.4,Exposed 
10/29/2025 22:13,C,20.0,22.6,18.4,Exposed 
10/29/2025 22:23,C,19.5,22.4,18.3,Exposed 
10/29/2025 22:33,C,19.5,22.3,18.3,Exposed 
10/29/2025 22:43,C,19.5,22.2,18.3,Exposed 
10/29/2025 22:53,C,19.5,22.1,18.2,Exposed 
10/29/2025 23:03,C,19.5,22.0,18.1,Exposed 
10/29/2025 23:13,C,19.0,21.8,18.2,Exposed 
10/29/2025 23:23,C,19.0,21.7,18.2,Exposed 
10/29/2025 23:33,C,19.0,21.6,18.3,Exposed 
10/29/2025 23:43,C,19.0,21.5,18.3,Exposed 
10/29/2025 23:53,C,19.0,21.4,18.3,Exposed 
10/30/2025 0:03,C,19.0,21.2,18.4,Exposed 
10/30/2025 0:13,C,19.0,21.2,18.3,Exposed 
10/30/2025 0:23,C,19.0,21.1,18.3,Exposed 
10/30/2025 0:33,C,19.0,21.0,18.4,Exposed 
10/30/2025 0:43,C,19.0,20.9,18.5,Exposed 
10/30/2025 0:53,C,19.0,20.8,18.5,Exposed 
10/30/2025 1:03,C,19.0,20.7,18.5,Exposed 
10/30/2025 1:13,C,19.0,20.7,18.5,Exposed 
10/30/2025 1:23,C,18.5,20.6,18.4,Exposed 
10/30/2025 1:33,C,18.5,20.5,18.3,Exposed 
10/30/2025 1:43,C,18.5,20.5,18.2,Exposed 
10/30/2025 1:53,C,18.5,20.4,18.1,Exposed 
10/30/2025 2:03,C,18.5,20.3,18.3,Exposed 
10/30/2025 2:13,C,18.5,20.2,18.5,Exposed 
10/30/2025 2:23,C,18.5,20.2,18.7,Exposed 
10/30/2025 2:33,C,18.5,20.1,18.6,Exposed 
10/30/2025 2:43,C,18.5,20.0,18.6,Exposed 
10/30/2025 2:53,C,18.5,20.0,18.5,Exposed 
10/30/2025 3:03,C,19.0,19.9,18.4,Exposed 
10/30/2025 3:13,C,18.5,19.8,18.3,Exposed 
10/30/2025 3:23,C,18.5,19.8,18.2,Exposed 
10/30/2025 3:33,C,18.5,19.7,18.2,Exposed 
10/30/2025 3:43,C,18.0,19.7,17.9,Exposed 
10/30/2025 3:53,C,18.0,19.6,17.3,Exposed 
10/30/2025 4:03,C,18.0,19.5,16.4,Exposed 
10/30/2025 4:13,C,18.0,19.4,15.7,Exposed 
10/30/2025 4:23,C,18.0,19.4,15.5,Exposed 
10/30/2025 4:33,C,17.5,19.3,15.5,Exposed 
10/30/2025 4:43,C,17.5,19.2,15.5,Exposed 
10/30/2025 4:53,C,17.0,19.1,15.5,Exposed 
10/30/2025 5:03,C,16.5,19.0,15.5,Exposed 
10/30/2025 5:13,C,16.5,18.9,15.5,Exposed 
10/30/2025 5:23,C,16.0,18.8,15.5,Exposed 
10/30/2025 5:33,C,16.5,18.7,15.6,Exposed 
10/30/2025 5:43,C,16.0,18.6,15.9,Exposed 
10/30/2025 5:53,C,16.0,18.5,16.3,Exposed 
10/30/2025 6:03,C,16.0,18.4,16.6,Exposed 
10/30/2025 6:13,C,16.0,18.3,16.9,Exposed 
10/30/2025 6:23,C,16.5,18.2,17.5,Exposed 
10/30/2025 6:33,C,16.5,18.1,18.1,Exposed 
10/30/2025 6:43,C,17.0,18.0,18.6,Exposed 
10/30/2025 6:53,C,17.5,17.9,19.4,Exposed 
10/30/2025 7:03,C,18.0,17.9,20.1,Exposed 
10/30/2025 7:13,C,18.5,17.9,20.8,Exposed 
10/30/2025 7:23,C,19.5,17.8,21.1,Exposed 
10/30/2025 7:33,C,20.5,17.8,21.6,Exposed 
10/30/2025 7:43,C,21.5,17.8,22.1,Exposed 
10/30/2025 7:53,C,22.5,17.8,22.7,Exposed 
10/30/2025 8:03,C,23.0,17.9,23.2,Exposed 
10/30/2025 8:13,C,23.5,18.0,23.9,Exposed 
10/30/2025 8:23,C,24.5,18.1,24.7,Exposed 
10/30/2025 8:33,C,25.0,18.3,25.2,Exposed 
10/30/2025 8:43,C,26.0,18.5,25.9,Exposed 
10/30/2025 8:53,C,27.0,18.7,26.4,Exposed 
10/30/2025 9:03,C,27.5,18.9,26.6,Exposed 
10/30/2025 9:13,C,28.5,19.2,27.1,Exposed 
10/30/2025 9:23,C,29.5,19.5,27.5,Exposed 
10/30/2025 9:33,C,30.0,19.8,27.7,Exposed 
10/30/2025 9:43,C,31.0,20.1,28.0,Exposed 
10/30/2025 9:53,C,31.5,20.5,28.3,Exposed 
10/30/2025 10:03,C,32.5,20.8,28.7,Exposed 
10/30/2025 10:13,C,32.5,21.2,29.0,Exposed 
10/30/2025 10:23,C,33.0,21.5,29.5,Exposed 
10/30/2025 10:33,C,33.5,21.9,29.3,Exposed 
10/30/2025 10:43,C,33.5,22.3,29.6,Exposed 
10/30/2025 10:53,C,34.0,22.6,29.9,Exposed 
10/30/2025 11:03,C,35.0,23.0,30.1,Exposed 
10/30/2025 11:13,C,35.0,23.4,30.1,Exposed 
10/30/2025 11:23,C,35.5,23.8,30.1,Exposed 
10/30/2025 11:33,C,35.0,24.1,30.3,Exposed 
10/30/2025 11:43,C,36.0,24.5,30.6,Exposed 
10/30/2025 11:53,C,36.0,24.9,30.6,Exposed 
10/30/2025 12:03,C,36.5,25.2,30.6,Exposed 
10/30/2025 12:13,C,36.5,25.6,30.8,Exposed 
10/30/2025 12:23,C,36.5,25.9,30.8,Exposed 
10/30/2025 12:33,C,37.0,26.3,30.8,Exposed 
10/30/2025 12:43,C,36.5,26.6,30.7,Exposed 
10/30/2025 12:53,C,37.0,26.9,30.8,Exposed 
10/30/2025 13:03,C,37.0,27.2,30.9,Exposed 
10/30/2025 13:13,C,37.0,27.5,31.1,Exposed 
10/30/2025 13:23,C,37.0,27.7,31.1,Exposed 
10/30/2025 13:33,C,36.5,28.0,30.7,Exposed 
10/30/2025 13:43,C,36.5,28.3,30.2,Exposed 
10/30/2025 13:53,C,35.5,28.5,30.0,Exposed 
10/30/2025 14:03,C,35.0,28.8,29.6,Exposed 
10/30/2025 14:13,C,34.0,29.0,29.1,Exposed 
10/30/2025 14:23,C,33.0,29.2,29.0,Exposed 
10/30/2025 14:33,C,32.5,29.2,28.9,Exposed 
10/30/2025 14:43,C,32.0,29.3,28.5,Exposed 
10/30/2025 14:53,C,31.5,29.3,28.2,Exposed 
10/30/2025 15:03,C,30.5,29.3,27.8,Exposed 
10/30/2025 15:13,C,30.0,29.2,27.1,Exposed 
10/30/2025 15:23,C,29.5,29.2,26.7,Exposed 
10/30/2025 15:33,C,29.0,29.2,26.3,Exposed 
10/30/2025 15:43,C,29.0,29.0,25.9,Exposed 
10/30/2025 15:53,C,28.5,29.0,25.5,Exposed 
10/30/2025 16:03,C,28.0,28.9,25.1,Exposed 
10/30/2025 16:13,C,27.5,28.8,24.7,Exposed 
10/30/2025 16:23,C,27.5,28.7,24.4,Exposed 
10/30/2025 16:33,C,27.0,28.6,24.1,Exposed 
10/30/2025 16:43,C,26.5,28.4,23.8,Exposed 
10/30/2025 16:53,C,26.0,28.3,23.6,Exposed 
10/30/2025 17:03,C,26.0,28.2,23.3,Exposed 
10/30/2025 17:13,C,25.5,28.0,23.1,Exposed 
10/30/2025 17:23,C,25.0,27.9,22.9,Exposed 
10/30/2025 17:33,C,25.0,27.7,22.7,Exposed 
10/30/2025 17:43,C,25.0,27.6,22.6,Exposed 
10/30/2025 17:53,C,24.5,27.4,22.4,Exposed 
10/30/2025 18:03,C,24.5,27.3,22.2,Exposed 
10/30/2025 18:13,C,24.0,27.1,22.1,Exposed 
10/30/2025 18:23,C,24.0,27.0,21.9,Exposed 
10/30/2025 18:33,C,23.5,26.8,21.8,Exposed 
10/30/2025 18:43,C,23.5,26.7,21.6,Exposed 
10/30/2025 18:53,C,23.5,26.5,21.5,Exposed 
10/30/2025 19:03,C,23.0,26.4,21.4,Exposed 
10/30/2025 19:13,C,23.0,26.3,21.3,Exposed 
10/30/2025 19:23,C,23.0,26.1,21.1,Exposed 
10/30/2025 19:33,C,23.0,26.0,20.9,Exposed 
10/30/2025 19:43,C,22.5,25.8,20.6,Exposed 
10/30/2025 19:53,C,22.5,25.7,20.5,Exposed 
10/30/2025 20:03,C,22.5,25.5,20.3,Exposed 
10/30/2025 20:13,C,22.0,25.4,20.3,Exposed 
10/30/2025 20:23,C,22.0,25.2,20.3,Exposed 
10/30/2025 20:33,C,22.0,25.1,20.2,Exposed 
10/30/2025 20:43,C,22.0,24.9,20.0,Exposed 
10/30/2025 20:53,C,21.5,24.8,19.8,Exposed 
10/30/2025 21:03,C,21.5,24.6,19.6,Exposed 
10/30/2025 21:13,C,21.5,24.5,19.4,Exposed 
10/30/2025 21:23,C,21.5,24.4,19.2,Exposed 
10/30/2025 21:33,C,21.5,24.2,19.1,Exposed 
10/30/2025 21:43,C,21.0,24.1,18.9,Exposed 
10/30/2025 21:53,C,21.0,24.0,18.8,Exposed 
10/30/2025 22:03,C,20.5,23.8,18.8,Exposed 
10/30/2025 22:13,C,20.5,23.7,18.8,Exposed 
10/30/2025 22:23,C,20.5,23.5,18.8,Exposed 
10/30/2025 22:33,C,20.0,23.4,18.7,Exposed 
10/30/2025 22:43,C,20.0,23.3,18.6,Exposed 
10/30/2025 22:53,C,20.0,23.1,18.5,Exposed 
10/30/2025 23:03,C,20.0,23.0,18.4,Exposed 
10/30/2025 23:13,C,20.0,22.9,18.4,Exposed 
10/30/2025 23:23,C,19.5,22.7,18.4,Exposed 
10/30/2025 23:33,C,19.5,22.6,18.4,Exposed 
10/30/2025 23:43,C,19.5,22.5,18.4,Exposed 
10/30/2025 23:53,C,19.5,22.4,18.3,Exposed 
10/31/2025 0:03,C,19.5,22.2,18.1,Exposed 
10/31/2025 0:13,C,19.5,22.1,18.0,Exposed 
10/31/2025 0:23,C,19.0,22.0,17.9,Exposed 
10/31/2025 0:33,C,19.0,21.8,17.8,Exposed 
10/31/2025 0:43,C,19.0,21.7,17.7,Exposed 
10/31/2025 0:53,C,19.0,21.6,17.6,Exposed 
10/31/2025 1:03,C,19.0,21.5,17.4,Exposed 
10/31/2025 1:13,C,18.5,21.4,17.3,Exposed 
10/31/2025 1:23,C,18.5,21.3,17.1,Exposed 
10/31/2025 1:33,C,18.5,21.1,17.0,Exposed 
10/31/2025 1:43,C,18.5,21.0,16.9,Exposed 
10/31/2025 1:53,C,18.5,20.9,16.8,Exposed 
10/31/2025 2:03,C,18.0,20.7,16.6,Exposed 
10/31/2025 2:13,C,18.0,20.7,16.6,Exposed 
10/31/2025 2:23,C,18.0,20.6,16.6,Exposed 
10/31/2025 2:33,C,18.0,20.4,16.7,Exposed 
10/31/2025 2:43,C,18.0,20.3,16.7,Exposed 
10/31/2025 2:53,C,17.5,20.2,17.7,Exposed 
10/31/2025 3:03,C,17.5,20.1,19.4,Exposed 
10/31/2025 3:13,C,17.5,20.0,20.1,Exposed 
10/31/2025 3:23,C,17.5,19.9,19.7,Exposed 
10/31/2025 3:33,C,17.5,19.7,19.4,Exposed 
10/31/2025 3:43,C,18.0,19.6,19.9,Exposed 
10/31/2025 3:53,C,18.5,19.5,20.7,Exposed 
10/31/2025 4:03,C,19.0,19.4,21.3,Exposed 
10/31/2025 4:13,C,18.5,19.3,21.8,Exposed 
10/31/2025 4:23,C,18.5,19.2,22.2,Exposed 
10/31/2025 4:33,C,18.5,19.1,22.2,Exposed 
10/31/2025 4:43,C,19.5,19.0,22.2,Exposed 
10/31/2025 4:53,C,19.5,18.8,22.2,Exposed 
10/31/2025 5:03,C,20.0,18.8,22.3,Exposed 
10/31/2025 5:13,C,20.5,18.7,22.6,Exposed 
10/31/2025 5:23,C,20.5,18.7,22.7,Exposed 
10/31/2025 5:33,C,20.5,18.7,22.8,Exposed 
10/31/2025 5:43,C,20.5,18.7,23.0,Exposed 
10/31/2025 5:53,C,20.5,18.7,23.3,Exposed 
10/31/2025 6:03,C,21.0,18.7,23.6,Exposed 
10/31/2025 6:13,C,21.0,18.7,23.9,Exposed 
10/31/2025 6:23,C,21.0,18.7,24.4,Exposed 
10/31/2025 6:33,C,21.5,18.8,24.8,Exposed 
10/31/2025 6:43,C,22.0,18.8,25.2,Exposed 
10/31/2025 6:53,C,22.0,18.8,25.7,Exposed 
10/31/2025 7:03,C,23.0,18.9,26.3,Exposed 
10/31/2025 7:13,C,23.5,19.0,26.8,Exposed 
10/31/2025 7:23,C,24.0,19.1,27.3,Exposed 
10/31/2025 7:33,C,25.0,19.2,28.0,Exposed 
10/31/2025 7:43,C,26.0,19.3,28.3,Exposed 
10/31/2025 7:53,C,26.5,19.4,28.7,Exposed 
10/31/2025 8:03,C,27.0,19.6,29.1,Exposed 
10/31/2025 8:13,C,27.5,19.8,29.2,Exposed 
10/31/2025 8:23,C,28.5,20.0,29.4,Exposed 
10/31/2025 8:33,C,29.0,20.3,29.5,Exposed 
10/31/2025 8:43,C,29.5,20.5,29.8,Exposed 
10/31/2025 8:53,C,30.0,20.7,30.0,Exposed 
10/31/2025 9:03,C,30.5,21.0,30.1,Exposed 
10/31/2025 9:13,C,31.0,21.3,30.4,Exposed 
10/31/2025 9:23,C,31.5,21.6,30.5,Exposed 
10/31/2025 9:33,C,31.5,21.9,30.7,Exposed 
10/31/2025 9:43,C,32.0,22.2,31.1,Exposed 
10/31/2025 9:53,C,32.5,22.5,31.2,Exposed 
10/31/2025 10:03,C,33.0,22.8,31.4,Exposed 
10/31/2025 10:13,C,33.5,23.2,31.6,Exposed 
10/31/2025 10:23,C,33.5,23.5,31.5,Exposed 
10/31/2025 10:33,C,34.0,23.8,32.0,Exposed 
10/31/2025 10:43,C,34.5,24.2,31.9,Exposed 
10/31/2025 10:53,C,34.5,24.5,31.9,Exposed 
10/31/2025 11:03,C,35.0,24.8,32.2,Exposed 
10/31/2025 11:13,C,35.5,25.2,32.4,Exposed 
10/31/2025 11:23,C,35.5,25.5,32.5,Exposed 
10/31/2025 11:33,C,35.5,25.8,32.6,Exposed 
10/31/2025 11:43,C,36.0,26.2,32.7,Exposed 
10/31/2025 11:53,C,36.5,26.5,32.8,Exposed 
10/31/2025 12:03,C,36.5,26.9,32.8,Exposed 
10/31/2025 12:13,C,37.0,27.2,32.7,Exposed 
10/31/2025 12:23,C,37.5,27.5,32.8,Exposed 
10/31/2025 12:33,C,37.0,27.8,32.8,Exposed 
10/31/2025 12:43,C,37.5,28.1,32.8,Exposed 
10/31/2025 12:53,C,37.0,28.4,33.1,Exposed 
10/31/2025 13:03,C,37.5,28.7,33.0,Exposed 
10/31/2025 13:13,C,37.0,29.0,32.8,Exposed 
10/31/2025 13:23,C,37.0,29.2,33.0,Exposed 
10/31/2025 13:33,C,37.0,29.5,32.7,Exposed 
10/31/2025 13:43,C,36.5,29.7,32.7,Exposed 
10/31/2025 13:53,C,36.0,29.9,32.5,Exposed 
10/31/2025 14:03,C,35.5,30.1,32.6,Exposed 
10/31/2025 14:13,C,35.0,30.3,32.4,Exposed 
10/31/2025 14:23,C,34.5,30.4,32.3,Exposed 
10/31/2025 14:33,C,34.0,30.5,32.2,Exposed 
10/31/2025 14:43,C,33.5,30.5,32.2,Exposed 
10/31/2025 14:53,C,33.0,30.5,32.2,Exposed 
10/31/2025 15:03,C,32.5,30.5,31.3,Exposed 
10/31/2025 15:13,C,32.0,30.4,30.5,Exposed 
10/31/2025 15:23,C,32.0,30.4,30.0,Exposed 
10/31/2025 15:33,C,31.5,30.3,29.4,Exposed 
10/31/2025 15:43,C,31.0,30.2,28.9,Exposed 
10/31/2025 15:53,C,30.5,30.2,28.5,Exposed 
10/31/2025 16:03,C,30.0,30.1,28.1,Exposed 
10/31/2025 16:13,C,30.0,30.0,27.8,Exposed 
10/31/2025 16:23,C,29.5,29.9,27.5,Exposed 
10/31/2025 16:33,C,29.0,29.8,27.3,Exposed 
10/31/2025 16:43,C,28.5,29.7,27.0,Exposed 
10/31/2025 16:53,C,28.0,29.6,26.6,Exposed 
10/31/2025 17:03,C,28.0,29.4,26.3,Exposed 
10/31/2025 17:13,C,27.5,29.3,26.0,Exposed 
10/31/2025 17:23,C,27.5,29.2,25.9,Exposed 
10/31/2025 17:33,C,27.0,29.0,25.7,Exposed 
10/31/2025 17:43,C,27.0,28.9,25.8,Exposed 
10/31/2025 17:53,C,26.5,28.7,26.1,Exposed 
10/31/2025 18:03,C,26.5,28.6,25.8,Exposed 
10/31/2025 18:13,C,26.0,28.4,25.2,Exposed 
10/31/2025 18:23,C,26.0,28.3,24.7,Exposed 
10/31/2025 18:33,C,26.0,28.1,24.2,Exposed 
10/31/2025 18:43,C,26.0,28.0,23.8,Exposed 
10/31/2025 18:53,C,26.0,27.9,24.0,Exposed 
10/31/2025 19:03,C,25.5,27.7,24.0,Exposed 
10/31/2025 19:13,C,25.5,27.6,24.4,Exposed 
10/31/2025 19:23,C,25.0,27.5,24.8,Exposed 
10/31/2025 19:33,C,25.0,27.4,25.2,Exposed 
10/31/2025 19:43,C,25.0,27.2,25.4,Exposed 
10/31/2025 19:53,C,25.0,27.1,25.5,Exposed 
10/31/2025 20:03,C,25.0,26.9,25.5,Exposed 
10/31/2025 20:13,C,24.5,26.8,25.4,Exposed 
10/31/2025 20:23,C,24.5,26.6,25.3,Exposed 
10/31/2025 20:33,C,25.0,26.5,25.1,Exposed 
10/31/2025 20:43,C,25.0,26.3,25.0,Exposed 
10/31/2025 20:53,C,25.0,26.3,24.9,Exposed 
10/31/2025 21:03,C,24.5,26.1,24.8,Exposed 
10/31/2025 21:13,C,24.5,26.0,24.6,Exposed 
10/31/2025 21:23,C,24.5,25.9,24.5,Exposed 
10/31/2025 21:33,C,24.5,25.8,24.5,Exposed 
10/31/2025 21:43,C,24.5,25.6,24.5,Exposed 
10/31/2025 21:53,C,24.5,25.5,24.6,Exposed 
10/31/2025 22:03,C,24.5,25.4,24.5,Exposed 
10/31/2025 22:13,C,24.0,25.3,24.5,Exposed 
10/31/2025 22:23,C,24.0,25.2,24.5,Exposed 
10/31/2025 22:33,C,24.0,25.1,24.6,Exposed 
10/31/2025 22:43,C,24.0,25.0,24.6,Exposed 
10/31/2025 22:53,C,24.0,24.9,24.7,Exposed 
10/31/2025 23:03,C,24.0,24.9,24.6,Exposed 
10/31/2025 23:13,C,24.0,24.8,24.6,Exposed 
10/31/2025 23:23,C,24.0,24.7,24.5,Exposed 
10/31/2025 23:33,C,23.5,24.6,24.5,Exposed 
10/31/2025 23:43,C,24.0,24.5,24.5,Exposed 
10/31/2025 23:53,C,24.0,24.4,24.4,Exposed 
11/1/2025 0:03,C,23.5,24.3,24.4,Exposed 
11/1/2025 0:13,C,24.0,24.3,24.4,Exposed 
11/1/2025 0:23,C,24.0,24.2,24.4,Exposed 
11/1/2025 0:33,C,23.5,24.1,24.3,Exposed 
11/1/2025 0:43,C,23.5,24.1,24.3,Exposed 
11/1/2025 0:53,C,23.5,24.0,24.0,Exposed 
11/1/2025 1:03,C,23.5,23.9,23.9,Exposed 
11/1/2025 1:13,C,23.5,23.9,23.9,Exposed 
11/1/2025 1:23,C,23.5,23.8,23.8,Exposed 
11/1/2025 1:33,C,23.0,23.7,23.6,Exposed 
11/1/2025 1:43,C,23.0,23.7,23.3,Exposed 
11/1/2025 1:53,C,23.0,23.6,23.3,Exposed 
11/1/2025 2:03,C,23.0,23.5,23.4,Exposed 
11/1/2025 2:13,C,23.0,23.5,23.4,Exposed 
11/1/2025 2:23,C,22.5,23.4,23.3,Exposed 
11/1/2025 2:33,C,22.5,23.3,23.3,Exposed 
11/1/2025 2:43,C,22.5,23.2,23.3,Exposed 
11/1/2025 2:53,C,22.5,23.1,23.3,Exposed 
11/1/2025 3:03,C,22.5,23.1,23.3,Exposed 
11/1/2025 3:13,C,22.5,23.0,23.4,Exposed 
11/1/2025 3:23,C,22.5,22.9,23.4,Exposed 
11/1/2025 3:33,C,22.5,22.8,23.5,Exposed 
11/1/2025 3:43,C,22.5,22.8,23.5,Exposed 
11/1/2025 3:53,C,22.5,22.7,23.3,Exposed 
11/1/2025 4:03,C,22.5,22.7,23.1,Exposed 
11/1/2025 4:13,C,22.5,22.6,23.0,Exposed 
11/1/2025 4:23,C,22.5,22.6,23.0,Exposed 
11/1/2025 4:33,C,22.5,22.5,23.0,Exposed 
11/1/2025 4:43,C,22.5,22.4,23.1,Exposed 
11/1/2025 4:53,C,22.5,22.4,22.9,Exposed 
11/1/2025 5:03,C,22.0,22.3,22.5,Exposed 
11/1/2025 5:13,C,22.0,22.3,21.9,Exposed 
11/1/2025 5:23,C,22.0,22.2,21.4,Exposed 
11/1/2025 5:33,C,22.0,22.2,21.0,Exposed 
11/1/2025 5:43,C,22.0,22.2,20.8,Exposed 
11/1/2025 5:53,C,21.5,22.1,20.9,Exposed 
11/1/2025 6:03,C,21.0,22.1,21.3,Exposed 
11/1/2025 6:13,C,21.0,22.0,21.6,Exposed 
11/1/2025 6:23,C,21.0,21.9,22.2,Exposed 
11/1/2025 6:33,C,21.0,21.9,22.8,Exposed 
11/1/2025 6:43,C,21.5,21.8,23.2,Exposed 
11/1/2025 6:53,C,21.5,21.7,23.7,Exposed 
11/1/2025 7:03,C,22.5,21.7,24.8,Exposed 
11/1/2025 7:13,C,23.0,21.6,25.2,Exposed 
11/1/2025 7:23,C,23.5,21.6,25.5,Exposed 
11/1/2025 7:33,C,24.5,21.6,26.3,Exposed 
11/1/2025 7:43,C,25.5,21.6,27.0,Exposed 
11/1/2025 7:53,C,26.0,21.7,27.9,Exposed 
11/1/2025 8:03,C,27.0,21.7,28.3,Exposed 
11/1/2025 8:13,C,28.0,21.8,28.1,Exposed 
11/1/2025 8:23,C,28.5,22.0,28.9,Exposed 
11/1/2025 8:33,C,29.0,22.2,29.5,Exposed 
11/1/2025 8:43,C,30.5,22.4,30.4,Exposed 
11/1/2025 8:53,C,30.5,22.6,31.2,Exposed 
11/1/2025 9:03,C,31.5,22.8,31.7,Exposed 
11/1/2025 9:13,C,32.0,23.1,31.9,Exposed 
11/1/2025 9:23,C,33.0,23.3,32.0,Exposed 
11/1/2025 9:33,C,33.5,23.6,32.1,Exposed 
11/1/2025 9:43,C,34.5,23.9,32.3,Exposed 
11/1/2025 9:53,C,34.5,24.2,32.5,Exposed 
11/1/2025 10:03,C,35.0,24.6,32.5,Exposed 
11/1/2025 10:13,C,35.0,24.9,32.6,Exposed 
11/1/2025 10:23,C,35.5,25.2,32.9,Exposed 
11/1/2025 10:33,C,36.0,25.5,33.2,Exposed 
11/1/2025 10:43,C,36.0,25.8,33.3,Exposed 
11/1/2025 10:53,C,36.5,26.2,33.3,Exposed 
11/1/2025 11:03,C,37.0,26.5,33.4,Exposed 
11/1/2025 11:13,C,37.0,26.8,33.5,Exposed 
11/1/2025 11:23,C,37.0,27.2,33.6,Exposed 
11/1/2025 11:33,C,37.5,27.5,33.9,Exposed 
11/1/2025 11:43,C,37.5,27.8,33.8,Exposed 
11/1/2025 11:53,C,38.5,28.1,33.7,Exposed 
11/1/2025 12:03,C,38.5,28.5,33.9,Exposed 
11/1/2025 12:13,C,38.5,28.8,34.1,Exposed 
11/1/2025 12:23,C,39.0,29.2,34.0,Exposed 
11/1/2025 12:33,C,39.0,29.4,34.3,Exposed 
11/1/2025 12:43,C,39.0,29.7,34.3,Exposed 
11/1/2025 12:53,C,38.5,30.0,33.9,Exposed 
11/1/2025 13:03,C,39.0,30.3,33.2,Exposed 
11/1/2025 13:13,C,39.0,30.6,32.9,Exposed 
11/1/2025 13:23,C,39.5,30.8,32.6,Exposed 
11/1/2025 13:33,C,39.5,31.1,32.5,Exposed 
11/1/2025 13:43,C,38.5,31.3,32.6,Exposed 
11/1/2025 13:53,C,37.5,31.5,32.4,Exposed 
11/1/2025 14:03,C,36.5,31.7,32.1,Exposed 
11/1/2025 14:13,C,36.0,31.9,31.9,Exposed 
11/1/2025 14:23,C,35.0,32.0,31.8,Exposed 
11/1/2025 14:33,C,34.5,32.0,31.7,Exposed 
11/1/2025 14:43,C,34.0,32.0,31.3,Exposed 
11/1/2025 14:53,C,33.5,32.0,31.0,Exposed 
11/1/2025 15:03,C,32.5,32.0,30.5,Exposed 
11/1/2025 15:13,C,32.0,31.9,30.3,Exposed 
11/1/2025 15:23,C,32.0,31.8,29.9,Exposed 
11/1/2025 15:33,C,31.5,31.7,29.3,Exposed 
11/1/2025 15:43,C,31.0,31.6,28.6,Exposed 
11/1/2025 15:53,C,30.5,31.5,28.1,Exposed 
11/1/2025 16:03,C,30.5,31.3,27.6,Exposed 
11/1/2025 16:13,C,30.0,31.2,27.2,Exposed 
11/1/2025 16:23,C,29.5,31.1,26.9,Exposed 
11/1/2025 16:33,C,29.0,30.9,26.6,Exposed 
11/1/2025 16:43,C,29.0,30.8,26.2,Exposed 
11/1/2025 16:53,C,28.5,30.6,26.0,Exposed 
11/1/2025 17:03,C,28.0,30.5,25.8,Exposed 
11/1/2025 17:13,C,27.5,30.3,25.8,Exposed 
11/1/2025 17:23,C,27.5,30.2,25.7,Exposed 
11/1/2025 17:33,C,27.0,30.0,25.7,Exposed 
11/1/2025 17:43,C,27.0,29.8,25.6,Exposed 
11/1/2025 17:53,C,26.5,29.6,25.5,Exposed 
11/1/2025 18:03,C,26.5,29.5,25.4,Exposed 
11/1/2025 18:13,C,26.5,29.3,25.3,Exposed 
11/1/2025 18:23,C,26.0,29.2,25.1,Exposed 
11/1/2025 18:33,C,26.0,28.9,24.9,Exposed 
11/1/2025 18:43,C,26.0,28.8,24.6,Exposed 
11/1/2025 18:53,C,25.5,28.6,24.3,Exposed 
11/1/2025 19:03,C,25.5,28.5,23.8,Exposed 
11/1/2025 19:13,C,25.0,28.3,23.6,Exposed 
11/1/2025 19:23,C,25.0,28.2,23.2,Exposed 
11/1/2025 19:33,C,25.0,28.0,22.8,Exposed 
11/1/2025 19:43,C,25.0,27.8,22.5,Exposed 
11/1/2025 19:53,C,24.5,27.6,22.2,Exposed 
11/1/2025 20:03,C,24.5,27.5,21.9,Exposed 
11/1/2025 20:13,C,24.5,27.3,21.7,Exposed 
11/1/2025 20:23,C,24.0,27.2,21.6,Exposed 
11/1/2025 20:33,C,24.0,27.0,21.3,Exposed 
11/1/2025 20:43,C,23.5,26.9,21.0,Exposed 
11/1/2025 20:53,C,23.5,26.7,20.9,Exposed 
11/1/2025 21:03,C,23.5,26.5,20.6,Exposed 
11/1/2025 21:13,C,23.0,26.4,20.4,Exposed 
11/1/2025 21:23,C,23.0,26.3,20.3,Exposed 
11/1/2025 21:33,C,22.5,26.1,20.3,Exposed 
11/1/2025 21:43,C,22.5,25.9,20.1,Exposed 
11/1/2025 21:53,C,22.0,25.8,20.0,Exposed 
11/1/2025 22:03,C,22.0,25.6,19.8,Exposed 
11/1/2025 22:13,C,22.0,25.4,19.5,Exposed 
11/1/2025 22:23,C,21.5,25.3,19.3,Exposed 
11/1/2025 22:33,C,21.5,25.1,19.1,Exposed 
11/1/2025 22:43,C,21.0,24.9,19.0,Exposed 
11/1/2025 22:53,C,21.0,24.8,18.8,Exposed 
11/1/2025 23:03,C,21.0,24.7,18.7,Exposed 
11/1/2025 23:13,C,21.0,24.5,18.5,Exposed 
11/1/2025 23:23,C,20.5,24.4,18.4,Exposed 
11/1/2025 23:33,C,20.5,24.2,18.3,Exposed 
11/1/2025 23:43,C,20.0,24.1,18.3,Exposed 
11/1/2025 23:53,C,20.0,23.9,18.2,Exposed 
11/2/2025 0:03,C,20.0,23.8,18.3,Exposed 
11/2/2025 0:13,C,20.0,23.6,18.2,Exposed 
11/2/2025 0:23,C,19.5,23.5,18.3,Exposed 
11/2/2025 0:33,C,19.5,23.3,18.4,Exposed 
11/2/2025 0:43,C,19.5,23.1,18.4,Exposed 
11/2/2025 0:53,C,19.5,23.0,18.5,Exposed 
11/2/2025 1:03,C,19.0,22.8,18.5,Exposed 
11/2/2025 1:13,C,19.0,22.7,18.4,Exposed 
11/2/2025 1:23,C,19.0,22.5,18.3,Exposed 
11/2/2025 1:33,C,19.0,22.4,18.0,Exposed 
11/2/2025 1:43,C,19.0,22.2,17.9,Exposed 
11/2/2025 1:53,C,19.0,22.1,17.5,Exposed 
11/2/2025 2:03,C,19.0,22.0,17.2,Exposed 
11/2/2025 2:13,C,19.0,21.8,16.8,Exposed 
11/2/2025 2:23,C,19.0,21.7,16.7,Exposed 
11/2/2025 2:33,C,18.5,21.6,16.7,Exposed 
11/2/2025 2:43,C,18.5,21.5,16.6,Exposed 
11/2/2025 2:53,C,18.0,21.3,16.5,Exposed 
11/2/2025 3:03,C,18.0,21.2,16.6,Exposed 
11/2/2025 3:13,C,17.5,21.1,16.6,Exposed 
11/2/2025 3:23,C,17.5,20.9,16.6,Exposed 
11/2/2025 3:33,C,17.5,20.7,16.6,Exposed 
11/2/2025 3:43,C,17.5,20.6,16.8,Exposed 
11/2/2025 3:53,C,17.5,20.5,17.1,Exposed 
11/2/2025 4:03,C,17.5,20.4,17.3,Exposed 
11/2/2025 4:13,C,17.0,20.2,17.7,Exposed 
11/2/2025 4:23,C,17.0,20.1,17.9,Exposed 
11/2/2025 4:33,C,17.5,20.0,18.0,Exposed 
11/2/2025 4:43,C,17.5,19.8,17.8,Exposed 
11/2/2025 4:53,C,17.5,19.7,17.2,Exposed 
11/2/2025 5:03,C,17.5,19.6,16.8,Exposed 
11/2/2025 5:13,C,17.5,19.5,16.6,Exposed 
11/2/2025 5:23,C,17.5,19.4,16.2,Exposed 
11/2/2025 5:33,C,17.5,19.3,15.9,Exposed 
11/2/2025 5:43,C,17.0,19.2,15.9,Exposed 
11/2/2025 5:53,C,17.0,19.0,16.2,Exposed 
11/2/2025 6:03,C,17.0,18.9,16.7,Exposed 
11/2/2025 6:13,C,17.0,18.8,17.3,Exposed 
11/2/2025 6:23,C,16.5,18.7,18.1,Exposed 
11/2/2025 6:33,C,16.5,18.6,19.1,Exposed 
11/2/2025 6:43,C,17.0,18.5,20.0,Exposed 
11/2/2025 6:53,C,17.5,18.4,20.6,Exposed 
11/2/2025 7:03,C,18.0,18.3,21.3,Exposed 
11/2/2025 7:13,C,19.0,18.3,22.2,Exposed 
11/2/2025 7:23,C,20.0,18.2,23.0,Exposed 
11/2/2025 7:33,C,21.0,18.2,23.8,Exposed 
11/2/2025 7:43,C,21.5,18.2,24.8,Exposed 
11/2/2025 7:53,C,22.5,18.2,25.3,Exposed 
11/2/2025 8:03,C,23.0,18.3,25.5,Exposed 
11/2/2025 8:13,C,24.0,18.4,25.9,Exposed 
11/2/2025 8:23,C,25.0,18.5,26.7,Exposed 
11/2/2025 8:33,C,25.5,18.7,27.1,Exposed 
11/2/2025 8:43,C,26.5,18.9,27.8,Exposed 
11/2/2025 8:53,C,26.5,19.1,28.1,Exposed 
11/2/2025 9:03,C,27.5,19.3,28.2,Exposed 
11/2/2025 9:13,C,28.5,19.5,28.6,Exposed 
11/2/2025 9:23,C,29.5,19.8,28.8,Exposed 
11/2/2025 9:33,C,30.5,20.1,29.0,Exposed 
11/2/2025 9:43,C,30.0,20.3,28.8,Exposed 
11/2/2025 9:53,C,31.0,20.7,29.0,Exposed 
11/2/2025 10:03,C,32.0,21.0,29.6,Exposed 
11/2/2025 10:13,C,33.0,21.3,29.7,Exposed 
11/2/2025 10:23,C,33.5,21.6,29.8,Exposed 
11/2/2025 10:33,C,32.5,22.0,29.7,Exposed 
11/2/2025 10:43,C,34.0,22.3,30.0,Exposed 
11/2/2025 10:53,C,34.5,22.6,30.7,Exposed 
11/2/2025 11:03,C,35.5,23.0,31.2,Exposed 
11/2/2025 11:13,C,35.5,23.4,31.4,Exposed 
11/2/2025 11:23,C,35.5,23.7,31.2,Exposed 
11/2/2025 11:33,C,36.5,24.1,31.4,Exposed 
11/2/2025 11:43,C,37.0,24.5,31.9,Exposed 
11/2/2025 11:53,C,37.5,24.9,32.1,Exposed 
11/2/2025 12:03,C,37.5,25.2,32.3,Exposed 
11/2/2025 12:13,C,37.0,25.6,32.4,Exposed 
11/2/2025 12:23,C,37.5,26.0,32.1,Exposed 
11/2/2025 12:33,C,38.0,26.3,31.9,Exposed 
11/2/2025 12:43,C,38.0,26.7,32.1,Exposed 
11/2/2025 12:53,C,38.5,27.1,32.3,Exposed 
11/2/2025 13:03,C,38.5,27.4,32.5,Exposed 
11/2/2025 13:13,C,37.0,27.7,32.5,Exposed 
11/2/2025 13:23,C,36.5,28.0,32.8,Exposed 
11/2/2025 13:33,C,36.5,28.2,33.1,Exposed 
11/2/2025 13:43,C,36.5,28.5,33.0,Exposed 
11/2/2025 13:53,C,36.5,28.7,32.7,Exposed 
11/2/2025 14:03,C,35.5,28.9,32.7,Exposed 
11/2/2025 14:13,C,35.5,29.1,32.6,Exposed 
11/2/2025 14:23,C,35.0,29.2,32.8,Exposed 
11/2/2025 14:33,C,34.5,29.3,32.9,Exposed 
11/2/2025 14:43,C,33.5,29.4,32.8,Exposed 
11/2/2025 14:53,C,33.0,29.4,32.4,Exposed 
11/2/2025 15:03,C,32.5,29.4,31.9,Exposed 
11/2/2025 15:13,C,32.0,29.4,30.6,Exposed 
11/2/2025 15:23,C,32.0,29.4,29.6,Exposed 
11/2/2025 15:33,C,31.5,29.4,28.8,Exposed 
11/2/2025 15:43,C,31.0,29.3,28.2,Exposed 
11/2/2025 15:53,C,31.0,29.3,27.5,Exposed 
11/2/2025 16:03,C,30.5,29.2,27.0,Exposed 
11/2/2025 16:13,C,30.0,29.2,26.6,Exposed 
11/2/2025 16:23,C,29.5,29.2,26.1,Exposed 
11/2/2025 16:33,C,29.0,29.1,25.7,Exposed 
11/2/2025 16:43,C,28.5,29.0,25.3,Exposed 
11/2/2025 16:53,C,28.0,29.0,25.1,Exposed 
11/2/2025 17:03,C,27.5,28.9,24.8,Exposed 
11/2/2025 17:13,C,27.0,28.8,24.6,Exposed 
11/2/2025 17:23,C,26.5,28.7,24.5,Exposed 
11/2/2025 17:33,C,26.5,28.6,24.2,Exposed 
11/2/2025 17:43,C,26.0,28.5,24.0,Exposed 
11/2/2025 17:53,C,26.0,28.3,23.7,Exposed 
11/2/2025 18:03,C,25.5,28.2,23.4,Exposed 
11/2/2025 18:13,C,25.5,28.0,23.0,Exposed 
11/2/2025 18:23,C,25.0,27.9,22.7,Exposed 
11/2/2025 18:33,C,25.0,27.7,22.3,Exposed 
11/2/2025 18:43,C,25.0,27.6,22.0,Exposed 
11/2/2025 18:53,C,24.5,27.4,21.7,Exposed 
11/2/2025 19:03,C,24.5,27.2,21.5,Exposed 
11/2/2025 19:13,C,24.0,27.1,21.4,Exposed 
11/2/2025 19:23,C,24.0,26.9,21.1,Exposed 
11/2/2025 19:33,C,24.0,26.8,21.0,Exposed 
11/2/2025 19:43,C,23.5,26.6,21.0,Exposed 
11/2/2025 19:53,C,23.5,26.4,20.8,Exposed 
11/2/2025 20:03,C,23.5,26.3,20.6,Exposed 
11/2/2025 20:13,C,23.0,26.2,20.5,Exposed 
11/2/2025 20:23,C,23.0,26.0,20.4,Exposed 
11/2/2025 20:33,C,23.0,25.8,20.3,Exposed 
11/2/2025 20:43,C,22.5,25.7,20.2,Exposed 
11/2/2025 20:53,C,22.5,25.5,20.2,Exposed 
11/2/2025 21:03,C,22.5,25.3,20.1,Exposed 
11/2/2025 21:13,C,22.0,25.2,19.9,Exposed 
11/2/2025 21:23,C,22.0,25.1,19.8,Exposed 
11/2/2025 21:33,C,22.0,24.9,19.7,Exposed 
11/2/2025 21:43,C,22.0,24.8,19.7,Exposed 
11/2/2025 21:53,C,21.5,24.6,19.6,Exposed 
11/2/2025 22:03,C,21.5,24.5,19.8,Exposed 
11/2/2025 22:13,C,21.5,24.3,19.7,Exposed 
11/2/2025 22:23,C,21.0,24.2,19.5,Exposed 
11/2/2025 22:33,C,21.0,24.1,19.5,Exposed 
11/2/2025 22:43,C,21.0,23.9,19.4,Exposed 
11/2/2025 22:53,C,21.0,23.8,19.2,Exposed 
11/2/2025 23:03,C,20.5,23.7,19.0,Exposed 
11/2/2025 23:13,C,20.5,23.5,18.7,Exposed 
11/2/2025 23:23,C,20.5,23.4,18.5,Exposed 
11/2/2025 23:33,C,20.5,23.3,18.3,Exposed 
11/2/2025 23:43,C,20.5,23.2,18.2,Exposed 
11/2/2025 23:53,C,20.0,23.0,18.1,Exposed 
11/3/2025 0:03,C,20.0,22.9,18.1,Exposed 
11/3/2025 0:13,C,19.5,22.7,18.0,Exposed 
11/3/2025 0:23,C,19.5,22.6,18.1,Exposed 
11/3/2025 0:33,C,19.5,22.4,18.1,Exposed 
11/3/2025 0:43,C,19.0,22.3,17.8,Exposed 
11/3/2025 0:53,C,19.0,22.1,17.6,Exposed 
11/3/2025 1:03,C,19.0,22.0,17.5,Exposed 
11/3/2025 1:13,C,19.0,21.9,17.5,Exposed 
11/3/2025 1:23,C,19.0,21.7,17.4,Exposed 
11/3/2025 1:33,C,19.0,21.6,17.3,Exposed 
11/3/2025 1:43,C,18.5,21.5,17.2,Exposed 
11/3/2025 1:53,C,18.5,21.3,17.0,Exposed 
11/3/2025 2:03,C,18.5,21.2,16.8,Exposed 
11/3/2025 2:13,C,18.5,21.1,16.8,Exposed 
11/3/2025 2:23,C,18.5,20.9,16.6,Exposed 
11/3/2025 2:33,C,18.0,20.8,16.8,Exposed 
11/3/2025 2:43,C,18.0,20.7,17.0,Exposed 
11/3/2025 2:53,C,18.0,20.6,17.1,Exposed 
11/3/2025 3:03,C,18.0,20.4,17.0,Exposed 
11/3/2025 3:13,C,18.0,20.3,16.8,Exposed 
11/3/2025 3:23,C,17.5,20.2,16.6,Exposed 
11/3/2025 3:33,C,18.0,20.0,16.3,Exposed 
11/3/2025 3:43,C,17.5,19.9,16.1,Exposed 
11/3/2025 3:53,C,17.5,19.8,16.0,Exposed 
11/3/2025 4:03,C,17.5,19.7,15.9,Exposed 
11/3/2025 4:13,C,17.5,19.6,15.9,Exposed 
11/3/2025 4:23,C,17.0,19.4,15.8,Exposed 
11/3/2025 4:33,C,17.0,19.3,15.7,Exposed 
11/3/2025 4:43,C,17.0,19.2,15.6,Exposed 
11/3/2025 4:53,C,17.0,19.1,15.6,Exposed 
11/3/2025 5:03,C,17.0,19.0,15.6,Exposed 
11/3/2025 5:13,C,16.5,18.9,15.7,Exposed 
11/3/2025 5:23,C,16.5,18.8,16.0,Exposed 
11/3/2025 5:33,C,16.5,18.7,16.2,Exposed 
11/3/2025 5:43,C,16.5,18.5,16.5,Exposed 
11/3/2025 5:53,C,16.5,18.4,16.8,Exposed 
11/3/2025 6:03,C,16.5,18.3,17.2,Exposed 
11/3/2025 6:13,C,16.5,18.2,17.9,Exposed 
11/3/2025 6:23,C,16.5,18.1,18.8,Exposed 
11/3/2025 6:33,C,17.0,18.0,19.5,Exposed 
11/3/2025 6:43,C,17.0,17.9,20.1,Exposed 
11/3/2025 6:53,C,17.5,17.9,20.7,Exposed 
11/3/2025 7:03,C,18.5,17.8,21.2,Exposed 
11/3/2025 7:13,C,19.0,17.7,21.7,Exposed 
11/3/2025 7:23,C,20.0,17.7,22.2,Exposed 
11/3/2025 7:33,C,21.0,17.7,22.8,Exposed 
11/3/2025 7:43,C,22.0,17.7,23.5,Exposed 
11/3/2025 7:53,C,22.5,17.8,24.2,Exposed 
11/3/2025 8:03,C,23.5,17.9,24.9,Exposed 
11/3/2025 8:13,C,24.0,18.0,25.8,Exposed 
11/3/2025 8:23,C,24.5,18.2,26.5,Exposed 
11/3/2025 8:33,C,25.5,18.3,27.3,Exposed 
11/3/2025 8:43,C,26.5,18.5,28.2,Exposed 
11/3/2025 8:53,C,27.5,18.8,28.9,Exposed 
11/3/2025 9:03,C,28.5,19.0,29.3,Exposed 
11/3/2025 9:13,C,29.5,19.2,29.6,Exposed 
11/3/2025 9:23,C,30.0,19.5,29.5,Exposed 
11/3/2025 9:33,C,31.5,19.9,29.3,Exposed 
11/3/2025 9:43,C,32.0,20.2,29.0,Exposed 
11/3/2025 9:53,C,32.5,20.5,28.8,Exposed 
11/3/2025 10:03,C,33.5,20.9,28.7,Exposed 
11/3/2025 10:13,C,34.0,21.3,28.9,Exposed 
11/3/2025 10:23,C,34.0,21.7,29.0,Exposed 
11/3/2025 10:33,C,34.5,22.0,29.3,Exposed 
11/3/2025 10:43,C,34.5,22.4,28.9,Exposed 
11/3/2025 10:53,C,34.5,22.8,28.6,Exposed 
11/3/2025 11:03,C,35.0,23.2,29.0,Exposed 
11/3/2025 11:13,C,35.0,23.6,29.0,Exposed 
11/3/2025 11:23,C,35.5,24.0,28.9,Exposed 
11/3/2025 11:33,C,34.5,24.4,29.0,Exposed 
11/3/2025 11:43,C,34.0,24.7,29.3,Exposed 
11/3/2025 11:53,C,35.0,25.1,29.2,Exposed 
11/3/2025 12:03,C,35.0,25.4,29.1,Exposed 
11/3/2025 12:13,C,35.0,25.7,29.0,Exposed 
11/3/2025 12:23,C,35.0,26.0,29.1,Exposed 
11/3/2025 12:33,C,35.5,26.3,29.2,Exposed 
11/3/2025 12:43,C,35.5,26.6,29.2,Exposed 
11/3/2025 12:53,C,35.0,26.9,29.1,Exposed 
11/3/2025 13:03,C,34.5,27.2,28.5,Exposed 
11/3/2025 13:13,C,34.5,27.4,28.1,Exposed 
11/3/2025 13:23,C,34.5,27.7,27.7,Exposed 
11/3/2025 13:33,C,34.5,28.0,27.4,Exposed 
11/3/2025 13:43,C,34.0,28.2,27.5,Exposed 
11/3/2025 13:53,C,33.0,28.4,26.9,Exposed 
11/3/2025 14:03,C,32.0,28.6,26.2,Exposed 
11/3/2025 14:13,C,31.0,28.7,25.9,Exposed 
11/3/2025 14:23,C,31.0,28.8,25.6,Exposed 
11/3/2025 14:33,C,30.5,28.9,25.4,Exposed 
11/3/2025 14:43,C,29.0,28.9,25.3,Exposed 
11/3/2025 14:53,C,28.5,28.9,25.2,Exposed 
11/3/2025 15:03,C,28.5,28.9,25.2,Exposed 
11/3/2025 15:13,C,28.5,28.8,25.0,Exposed 
11/3/2025 15:23,C,28.0,28.8,24.9,Exposed 
11/3/2025 15:33,C,28.5,28.7,24.8,Exposed 
11/3/2025 15:43,C,28.0,28.7,24.5,Exposed 
11/3/2025 15:53,C,28.0,28.6,24.4,Exposed 
11/3/2025 16:03,C,27.5,28.6,24.3,Exposed 
11/3/2025 16:13,C,27.0,28.5,24.2,Exposed 
11/3/2025 16:23,C,26.5,28.5,24.1,Exposed 
11/3/2025 16:33,C,26.0,28.3,24.0,Exposed 
11/3/2025 16:43,C,26.0,28.3,23.9,Exposed 
11/3/2025 16:53,C,26.0,28.1,23.8,Exposed 
11/3/2025 17:03,C,26.0,28.0,23.8,Exposed 
11/3/2025 17:13,C,25.5,27.9,23.8,Exposed 
11/3/2025 17:23,C,25.5,27.8,23.7,Exposed 
11/3/2025 17:33,C,25.5,27.6,23.5,Exposed 
11/3/2025 17:43,C,25.5,27.5,23.4,Exposed 
11/3/2025 17:53,C,25.5,27.4,23.2,Exposed 
11/3/2025 18:03,C,25.0,27.3,23.1,Exposed 
11/3/2025 18:13,C,25.0,27.1,22.9,Exposed 
11/3/2025 18:23,C,25.0,27.0,22.8,Exposed 
11/3/2025 18:33,C,24.5,26.9,22.9,Exposed 
11/3/2025 18:43,C,24.5,26.8,22.8,Exposed 
11/3/2025 18:53,C,24.0,26.7,22.4,Exposed 
11/3/2025 19:03,C,24.0,26.6,22.2,Exposed 
11/3/2025 19:13,C,24.0,26.4,22.0,Exposed 
11/3/2025 19:23,C,24.0,26.3,22.0,Exposed 
11/3/2025 19:33,C,23.5,26.3,22.0,Exposed 
11/3/2025 19:43,C,23.5,26.1,21.9,Exposed 
11/3/2025 19:53,C,23.5,26.0,21.8,Exposed 
11/3/2025 20:03,C,23.0,25.9,21.8,Exposed 
11/3/2025 20:13,C,23.0,25.8,21.8,Exposed 
11/3/2025 20:23,C,23.0,25.7,21.7,Exposed 
11/3/2025 20:33,C,23.0,25.6,21.7,Exposed 
11/3/2025 20:43,C,23.0,25.5,21.7,Exposed 
11/3/2025 20:53,C,23.0,25.4,21.7,Exposed 
11/3/2025 21:03,C,22.5,25.3,21.7,Exposed 
11/3/2025 21:13,C,22.5,25.2,21.6,Exposed 
11/3/2025 21:23,C,22.5,25.1,21.5,Exposed 
11/3/2025 21:33,C,22.0,25.0,21.4,Exposed 
11/3/2025 21:43,C,22.0,24.9,21.4,Exposed 
11/3/2025 21:53,C,22.0,24.7,21.2,Exposed 
11/3/2025 22:03,C,22.0,24.6,21.0,Exposed 
11/3/2025 22:13,C,22.0,24.5,20.9,Exposed 
11/3/2025 22:23,C,22.0,24.4,20.8,Exposed 
11/3/2025 22:33,C,22.0,24.3,20.7,Exposed 
11/3/2025 22:43,C,22.0,24.2,20.6,Exposed 
11/3/2025 22:53,C,21.5,24.0,20.6,Exposed 
11/3/2025 23:03,C,21.5,23.9,20.5,Exposed 
11/3/2025 23:13,C,21.5,23.9,20.3,Exposed 
11/3/2025 23:23,C,21.5,23.7,20.3,Exposed 
11/3/2025 23:33,C,21.5,23.6,20.3,Exposed 
11/3/2025 23:43,C,21.5,23.5,20.2,Exposed 
11/3/2025 23:53,C,21.0,23.4,20.2,Exposed 
11/4/2025 0:03,C,21.0,23.3,20.4,Exposed 
11/4/2025 0:13,C,21.0,23.2,20.5,Exposed 
11/4/2025 0:23,C,21.0,23.1,20.7,Exposed 
11/4/2025 0:33,C,21.0,23.0,20.8,Exposed 
11/4/2025 0:43,C,21.0,23.0,20.9,Exposed 
11/4/2025 0:53,C,21.0,22.9,20.9,Exposed 
11/4/2025 1:03,C,21.0,22.8,20.9,Exposed 
11/4/2025 1:13,C,21.0,22.7,20.9,Exposed 
11/4/2025 1:23,C,21.0,22.7,20.9,Exposed 
11/4/2025 1:33,C,21.0,22.6,20.7,Exposed 
11/4/2025 1:43,C,21.0,22.5,20.6,Exposed 
11/4/2025 1:53,C,21.0,22.5,20.6,Exposed 
11/4/2025 2:03,C,21.0,22.4,20.7,Exposed 
11/4/2025 2:13,C,21.0,22.4,20.9,Exposed 
11/4/2025 2:23,C,21.0,22.3,21.1,Exposed 
11/4/2025 2:33,C,21.0,22.3,21.7,Exposed 
11/4/2025 2:43,C,21.0,22.2,22.0,Exposed 
11/4/2025 2:53,C,21.0,22.1,21.9,Exposed 
11/4/2025 3:03,C,21.0,22.1,22.0,Exposed 
11/4/2025 3:13,C,21.0,22.0,22.1,Exposed 
11/4/2025 3:23,C,21.5,21.9,22.2,Exposed 
11/4/2025 3:33,C,21.5,21.8,22.4,Exposed 
11/4/2025 3:43,C,22.0,21.8,22.5,Exposed 
11/4/2025 3:53,C,22.0,21.7,22.7,Exposed 
11/4/2025 4:03,C,22.0,21.7,22.8,Exposed 
11/4/2025 4:13,C,22.0,21.6,22.9,Exposed 
11/4/2025 4:23,C,22.0,21.6,23.1,Exposed 
11/4/2025 4:33,C,22.0,21.6,23.8,Exposed 
11/4/2025 4:43,C,22.5,21.5,23.9,Exposed 
11/4/2025 4:53,C,22.5,21.5,23.6,Exposed 
11/4/2025 5:03,C,22.5,21.5,23.5,Exposed 
11/4/2025 5:13,C,22.5,21.5,23.6,Exposed 
11/4/2025 5:23,C,23.0,21.5,23.7,Exposed 
11/4/2025 5:33,C,23.0,21.5,24.2,Exposed 
11/4/2025 5:43,C,22.5,21.4,23.8,Exposed 
11/4/2025 5:53,C,22.5,21.5,23.8,Exposed 
11/4/2025 6:03,C,22.5,21.5,25.0,Exposed 
11/4/2025 6:13,C,22.5,21.4,24.7,Exposed 
11/4/2025 6:23,C,23.0,21.4,25.1,Exposed 
11/4/2025 6:33,C,23.0,21.4,26.2,Exposed 
11/4/2025 6:43,C,23.0,21.4,26.4,Exposed 
11/4/2025 6:53,C,23.5,21.5,26.9,Exposed 
11/4/2025 7:03,C,24.0,21.5,26.9,Exposed 
11/4/2025 7:13,C,24.5,21.5,26.7,Exposed 
11/4/2025 7:23,C,25.0,21.5,26.9,Exposed 
11/4/2025 7:33,C,26.0,21.6,27.2,Exposed 
11/4/2025 7:43,C,27.5,21.6,27.6,Exposed 
11/4/2025 7:53,C,27.5,21.7,27.8,Exposed 
11/4/2025 8:03,C,27.5,21.8,28.0,Exposed 
11/4/2025 8:13,C,27.5,22.0,28.1,Exposed 
11/4/2025 8:23,C,28.0,22.1,28.4,Exposed 
11/4/2025 8:33,C,28.0,22.3,29.1,Exposed 
11/4/2025 8:43,C,28.0,22.5,30.4,Exposed 
11/4/2025 8:53,C,28.0,22.6,30.8,Exposed 
11/4/2025 9:03,C,28.0,22.8,31.0,Exposed 
11/4/2025 9:13,C,28.0,22.9,31.4,Exposed 
11/4/2025 9:23,C,29.0,23.0,32.0,Exposed 
11/4/2025 9:33,C,32.0,23.2,32.3,Exposed 
11/4/2025 9:43,C,32.0,23.4,32.2,Exposed 
11/4/2025 9:53,C,32.5,23.6,32.1,Exposed 
11/4/2025 10:03,C,33.0,23.8,32.5,Exposed 
11/4/2025 10:13,C,34.0,24.1,32.7,Exposed 
11/4/2025 10:23,C,35.0,24.3,32.9,Exposed 
11/4/2025 10:33,C,35.0,24.6,33.1,Exposed 
11/4/2025 10:43,C,34.5,24.9,33.2,Exposed 
11/4/2025 10:53,C,35.0,25.2,33.9,Exposed 
11/4/2025 11:03,C,35.5,25.6,33.9,Exposed 
11/4/2025 11:13,C,36.0,25.8,34.0,Exposed 
11/4/2025 11:23,C,36.0,26.2,34.3,Exposed 
11/4/2025 11:33,C,36.5,26.4,34.4,Exposed 
11/4/2025 11:43,C,36.5,26.8,34.5,Exposed 
11/4/2025 11:53,C,37.0,27.1,34.6,Exposed 
11/4/2025 12:03,C,37.5,27.4,34.7,Exposed 
11/4/2025 12:13,C,37.5,27.7,34.6,Exposed 
11/4/2025 12:23,C,37.5,28.0,34.7,Exposed 
11/4/2025 12:33,C,37.5,28.3,34.6,Exposed 
11/4/2025 12:43,C,38.0,28.6,34.6,Exposed 
11/4/2025 12:53,C,38.0,28.8,34.7,Exposed 
11/4/2025 13:03,C,37.5,29.1,34.8,Exposed 
11/4/2025 13:13,C,37.5,29.4,34.6,Exposed 
11/4/2025 13:23,C,37.5,29.6,34.7,Exposed 
11/4/2025 13:33,C,37.5,29.9,34.5,Exposed 
11/4/2025 13:43,C,37.0,30.1,34.4,Exposed 
11/4/2025 13:53,C,36.5,30.3,34.3,Exposed 
11/4/2025 14:03,C,36.0,30.5,34.3,Exposed 
11/4/2025 14:13,C,36.0,30.6,34.1,Exposed 
11/4/2025 14:23,C,35.5,30.8,33.9,Exposed 
11/4/2025 14:33,C,35.0,30.9,33.6,Exposed 
11/4/2025 14:43,C,34.5,30.9,33.4,Exposed 
11/4/2025 14:53,C,34.5,31.0,33.1,Exposed 
11/4/2025 15:03,C,34.0,31.0,32.9,Exposed 
11/4/2025 15:13,C,33.5,31.0,32.4,Exposed 
11/4/2025 15:23,C,33.5,31.0,32.0,Exposed 
11/4/2025 15:33,C,33.0,31.0,31.5,Exposed 
11/4/2025 15:43,C,32.5,30.9,30.9,Exposed 
11/4/2025 15:53,C,32.5,30.9,30.2,Exposed 
11/4/2025 16:03,C,32.0,30.9,29.4,Exposed 
11/4/2025 16:13,C,32.0,30.8,28.8,Exposed 
11/4/2025 16:23,C,31.5,30.8,28.2,Exposed 
11/4/2025 16:33,C,31.0,30.7,27.6,Exposed 
11/4/2025 16:43,C,30.5,30.7,27.2,Exposed 
11/4/2025 16:53,C,30.0,30.6,27.1,Exposed 
11/4/2025 17:03,C,29.5,30.5,26.6,Exposed 
11/4/2025 17:13,C,29.5,30.4,26.5,Exposed 
11/4/2025 17:23,C,29.0,30.3,26.1,Exposed 
11/4/2025 17:33,C,29.0,30.2,25.8,Exposed 
11/4/2025 17:43,C,28.5,30.1,26.5,Exposed 
11/4/2025 17:53,C,28.5,29.9,27.1,Exposed 
11/4/2025 18:03,C,28.0,29.8,27.2,Exposed 
11/4/2025 18:13,C,28.0,29.7,27.1,Exposed 
11/4/2025 18:23,C,27.5,29.5,27.2,Exposed 
11/4/2025 18:33,C,27.5,29.4,27.1,Exposed 
11/4/2025 18:43,C,27.5,29.3,26.9,Exposed 
11/4/2025 18:53,C,27.5,29.2,26.7,Exposed 
11/4/2025 19:03,C,27.5,29.0,26.5,Exposed 
11/4/2025 19:13,C,27.5,28.8,26.4,Exposed 
11/4/2025 19:23,C,27.0,28.7,26.4,Exposed 
11/4/2025 19:33,C,27.0,28.6,26.2,Exposed 
11/4/2025 19:43,C,26.5,28.5,26.0,Exposed 
11/4/2025 19:53,C,26.5,28.3,26.2,Exposed 
11/4/2025 20:03,C,26.5,28.2,26.5,Exposed 
11/4/2025 20:13,C,26.0,28.1,26.6,Exposed 
11/4/2025 20:23,C,26.0,28.0,26.6,Exposed 
11/4/2025 20:33,C,26.0,27.9,26.7,Exposed 
11/4/2025 20:43,C,26.0,27.7,26.6,Exposed 
11/4/2025 20:53,C,26.0,27.6,26.2,Exposed 
11/4/2025 21:03,C,26.5,27.5,25.4,Exposed 
11/4/2025 21:13,C,26.5,27.4,24.8,Exposed 
11/4/2025 21:23,C,26.0,27.3,24.4,Exposed 
11/4/2025 21:33,C,26.0,27.2,24.1,Exposed 
11/4/2025 21:43,C,26.0,27.1,23.8,Exposed 
11/4/2025 21:53,C,25.5,27.1,23.6,Exposed 
11/4/2025 22:03,C,25.0,27.0,23.5,Exposed 
11/4/2025 22:13,C,24.5,26.9,23.6,Exposed 
11/4/2025 22:23,C,24.5,26.7,23.4,Exposed 
11/4/2025 22:33,C,24.0,26.6,23.4,Exposed 
11/4/2025 22:43,C,24.0,26.5,23.4,Exposed 
11/4/2025 22:53,C,24.0,26.3,23.5,Exposed 
11/4/2025 23:03,C,24.0,26.3,24.1,Exposed 
11/4/2025 23:13,C,24.0,26.1,24.2,Exposed 
11/4/2025 23:23,C,23.5,26.0,23.6,Exposed 
11/4/2025 23:33,C,23.5,25.8,23.3,Exposed 
11/4/2025 23:43,C,23.5,25.7,23.2,Exposed 
11/4/2025 23:53,C,23.5,25.6,23.1,Exposed 
11/5/2025 0:03,C,23.5,25.5,22.8,Exposed 
11/5/2025 0:13,C,23.5,25.4,22.7,Exposed 
11/5/2025 0:23,C,23.5,25.3,22.5,Exposed 
11/5/2025 0:33,C,23.0,25.2,22.4,Exposed 
11/5/2025 0:43,C,23.0,25.1,22.2,Exposed 
11/5/2025 0:53,C,23.0,24.9,22.1,Exposed 
11/5/2025 1:03,C,23.0,24.8,22.0,Exposed 
11/5/2025 1:13,C,23.0,24.7,22.0,Exposed 
11/5/2025 1:23,C,23.0,24.6,22.0,Exposed 
11/5/2025 1:33,C,22.5,24.5,21.8,Exposed 
11/5/2025 1:43,C,22.5,24.4,21.5,Exposed 
11/5/2025 1:53,C,22.5,24.3,21.3,Exposed 
11/5/2025 2:03,C,22.5,24.2,21.3,Exposed 
11/5/2025 2:13,C,22.5,24.1,21.2,Exposed 
11/5/2025 2:23,C,22.5,24.0,21.2,Exposed 
11/5/2025 2:33,C,22.0,23.9,21.2,Exposed 
11/5/2025 2:43,C,22.0,23.8,21.4,Exposed 
11/5/2025 2:53,C,22.0,23.7,21.6,Exposed 
11/5/2025 3:03,C,21.5,23.5,21.8,Exposed 
11/5/2025 3:13,C,22.0,23.5,21.6,Exposed 
11/5/2025 3:23,C,21.5,23.4,21.4,Exposed 
11/5/2025 3:33,C,21.5,23.3,21.4,Exposed 
11/5/2025 3:43,C,21.5,23.1,21.4,Exposed 
11/5/2025 3:53,C,21.5,23.1,21.4,Exposed 
11/5/2025 4:03,C,21.5,23.0,21.4,Exposed 
11/5/2025 4:13,C,21.5,22.8,21.4,Exposed 
11/5/2025 4:23,C,21.5,22.8,21.3,Exposed 
11/5/2025 4:33,C,21.5,22.7,21.2,Exposed 
11/5/2025 4:43,C,21.5,22.6,20.9,Exposed 
11/5/2025 4:53,C,21.5,22.5,20.7,Exposed 
11/5/2025 5:03,C,21.5,22.4,20.6,Exposed 
11/5/2025 5:13,C,21.5,22.3,20.6,Exposed 
11/5/2025 5:23,C,21.5,22.2,20.8,Exposed 
11/5/2025 5:33,C,21.0,22.2,21.2,Exposed 
11/5/2025 5:43,C,21.0,22.1,21.8,Exposed 
11/5/2025 5:53,C,21.0,22.0,22.4,Exposed 
11/5/2025 6:03,C,21.0,21.9,22.3,Exposed 
11/5/2025 6:13,C,21.0,21.8,22.6,Exposed 
11/5/2025 6:23,C,21.0,21.8,23.2,Exposed 
11/5/2025 6:33,C,21.5,21.7,23.7,Exposed 
11/5/2025 6:43,C,22.5,21.7,24.4,Exposed 
11/5/2025 6:53,C,22.5,21.6,25.0,Exposed 
11/5/2025 7:03,C,23.0,21.6,25.9,Exposed 
11/5/2025 7:13,C,23.5,21.6,27.4,Exposed 
11/5/2025 7:23,C,24.0,21.6,28.5,Exposed 
11/5/2025 7:33,C,25.0,21.6,29.2,Exposed 
11/5/2025 7:43,C,25.5,21.6,29.8,Exposed 
11/5/2025 7:53,C,27.0,21.7,30.3,Exposed 
11/5/2025 8:03,C,28.0,21.8,30.7,Exposed 
11/5/2025 8:13,C,29.0,21.8,31.1,Exposed 
11/5/2025 8:23,C,30.0,22.0,31.5,Exposed 
11/5/2025 8:33,C,30.5,22.1,31.6,Exposed 
11/5/2025 8:43,C,31.5,22.3,32.1,Exposed 
11/5/2025 8:53,C,32.0,22.5,32.5,Exposed 
11/5/2025 9:03,C,32.5,22.8,32.7,Exposed 
11/5/2025 9:13,C,33.0,23.0,32.9,Exposed 
11/5/2025 9:23,C,33.5,23.3,33.0,Exposed 
11/5/2025 9:33,C,34.0,23.6,33.3,Exposed 
11/5/2025 9:43,C,34.5,23.9,33.6,Exposed 
11/5/2025 9:53,C,35.0,24.2,34.0,Exposed 
11/5/2025 10:03,C,35.5,24.6,34.0,Exposed 
11/5/2025 10:13,C,35.5,24.9,34.0,Exposed 
11/5/2025 10:23,C,36.0,25.3,34.3,Exposed 
11/5/2025 10:33,C,37.0,25.6,34.5,Exposed 
11/5/2025 10:43,C,37.0,26.0,34.7,Exposed 
11/5/2025 10:53,C,37.5,26.3,35.2,Exposed 
11/5/2025 11:03,C,37.5,26.7,35.4,Exposed 
11/5/2025 11:13,C,38.0,27.1,35.5,Exposed 
11/5/2025 11:23,C,38.0,27.4,35.9,Exposed 
11/5/2025 11:33,C,38.0,27.8,36.0,Exposed 
11/5/2025 11:43,C,38.5,28.2,36.1,Exposed 
11/5/2025 11:53,C,39.0,28.5,36.3,Exposed 
11/5/2025 12:03,C,39.0,28.8,36.4,Exposed 
11/5/2025 12:13,C,39.5,29.2,36.1,Exposed 
11/5/2025 12:23,C,39.5,29.5,36.3,Exposed 
11/5/2025 12:33,C,39.5,29.9,36.2,Exposed 
11/5/2025 12:43,C,39.5,30.2,36.2,Exposed 
11/5/2025 12:53,C,39.5,30.5,36.1,Exposed 
11/5/2025 13:03,C,39.5,30.8,36.0,Exposed 
11/5/2025 13:13,C,40.0,31.1,35.8,Exposed 
11/5/2025 13:23,C,39.5,31.3,35.8,Exposed 
11/5/2025 13:33,C,39.5,31.6,35.6,Exposed 
11/5/2025 13:43,C,39.5,31.9,35.7,Exposed 
11/5/2025 13:53,C,38.5,32.1,35.4,Exposed 
11/5/2025 14:03,C,38.0,32.3,35.3,Exposed 
11/5/2025 14:13,C,37.5,32.5,35.0,Exposed 
11/5/2025 14:23,C,37.0,32.6,34.9,Exposed 
11/5/2025 14:33,C,36.5,32.7,34.6,Exposed 
11/5/2025 14:43,C,36.0,32.8,34.4,Exposed 
11/5/2025 14:53,C,35.5,32.8,34.1,Exposed 
11/5/2025 15:03,C,35.0,32.8,33.9,Exposed 
11/5/2025 15:13,C,35.0,32.8,33.5,Exposed 
11/5/2025 15:23,C,34.5,32.8,33.0,Exposed 
11/5/2025 15:33,C,34.5,32.7,32.2,Exposed 
11/5/2025 15:43,C,34.0,32.6,31.5,Exposed 
11/5/2025 15:53,C,34.0,32.6,30.7,Exposed 
11/5/2025 16:03,C,33.5,32.5,30.0,Exposed 
11/5/2025 16:13,C,33.0,32.5,29.3,Exposed 
11/5/2025 16:23,C,32.5,32.4,28.8,Exposed 
11/5/2025 16:33,C,32.0,32.3,28.4,Exposed 
11/5/2025 16:43,C,31.5,32.3,27.9,Exposed 
11/5/2025 16:53,C,31.0,32.2,27.4,Exposed 
11/5/2025 17:03,C,30.5,32.1,27.0,Exposed 
11/5/2025 17:13,C,30.5,32.0,27.3,Exposed 
11/5/2025 17:23,C,30.0,31.8,27.2,Exposed 
11/5/2025 17:33,C,29.5,31.7,27.1,Exposed 
11/5/2025 17:43,C,29.5,31.5,26.9,Exposed 
11/5/2025 17:53,C,29.0,31.4,26.4,Exposed 
11/5/2025 18:03,C,29.0,31.3,26.0,Exposed 
11/5/2025 18:13,C,28.5,31.1,25.7,Exposed 
11/5/2025 18:23,C,28.5,31.0,25.6,Exposed 
11/5/2025 18:33,C,28.0,30.8,25.7,Exposed 
11/5/2025 18:43,C,28.0,30.7,26.0,Exposed 
11/5/2025 18:53,C,27.5,30.6,25.9,Exposed 
11/5/2025 19:03,C,27.5,30.4,25.6,Exposed 
11/5/2025 19:13,C,27.5,30.2,25.5,Exposed 
11/5/2025 19:23,C,27.0,30.1,25.1,Exposed 
11/5/2025 19:33,C,27.0,29.9,24.9,Exposed 
11/5/2025 19:43,C,26.5,29.8,24.7,Exposed 
11/5/2025 19:53,C,26.5,29.6,24.4,Exposed 
11/5/2025 20:03,C,26.5,29.5,24.3,Exposed 
11/5/2025 20:13,C,26.0,29.3,24.3,Exposed 
11/5/2025 20:23,C,26.0,29.2,24.5,Exposed 
11/5/2025 20:33,C,26.0,29.0,24.8,Exposed 
11/5/2025 20:43,C,26.0,28.8,25.1,Exposed 
11/5/2025 20:53,C,25.5,28.7,25.1,Exposed 
11/5/2025 21:03,C,25.5,28.5,25.2,Exposed 
11/5/2025 21:13,C,25.5,28.4,25.3,Exposed 
11/5/2025 21:23,C,25.5,28.2,25.1,Exposed 
11/5/2025 21:33,C,25.5,28.1,25.2,Exposed 
11/5/2025 21:43,C,25.0,27.9,25.1,Exposed 
11/5/2025 21:53,C,25.0,27.8,25.2,Exposed 
11/5/2025 22:03,C,25.0,27.7,25.2,Exposed 
11/5/2025 22:13,C,25.0,27.5,25.3,Exposed 
11/5/2025 22:23,C,25.0,27.4,25.3,Exposed 
11/5/2025 22:33,C,25.0,27.2,25.2,Exposed 
11/5/2025 22:43,C,24.5,27.1,25.1,Exposed 
11/5/2025 22:53,C,24.5,26.9,24.9,Exposed 
11/5/2025 23:03,C,25.0,26.8,24.8,Exposed 
11/5/2025 23:13,C,25.0,26.7,24.5,Exposed 
11/5/2025 23:23,C,24.5,26.5,24.2,Exposed 
11/5/2025 23:33,C,24.5,26.4,23.7,Exposed 
11/5/2025 23:43,C,24.5,26.3,22.9,Exposed 
11/5/2025 23:53,C,24.5,26.2,22.1,Exposed 
11/6/2025 0:03,C,24.5,26.1,21.5,Exposed 
11/6/2025 0:13,C,24.0,26.0,21.0,Exposed 
11/6/2025 0:23,C,23.5,25.8,21.0,Exposed 
11/6/2025 0:33,C,23.5,25.7,20.8,Exposed 
11/6/2025 0:43,C,23.0,25.6,20.6,Exposed 
11/6/2025 0:53,C,22.5,25.5,20.2,Exposed 
11/6/2025 1:03,C,22.0,25.3,20.0,Exposed 
11/6/2025 1:13,C,22.0,25.2,20.0,Exposed 
11/6/2025 1:23,C,22.0,25.0,20.0,Exposed 
11/6/2025 1:33,C,21.5,24.9,20.0,Exposed 
11/6/2025 1:43,C,21.5,24.8,19.8,Exposed 
11/6/2025 1:53,C,21.5,24.6,19.7,Exposed 
11/6/2025 2:03,C,21.5,24.5,19.9,Exposed 
11/6/2025 2:13,C,21.5,24.3,20.2,Exposed 
11/6/2025 2:23,C,21.5,24.2,20.4,Exposed 
11/6/2025 2:33,C,21.5,24.0,20.4,Exposed 
11/6/2025 2:43,C,21.5,23.9,19.9,Exposed 
11/6/2025 2:53,C,21.0,23.8,19.6,Exposed 
11/6/2025 3:03,C,21.0,23.6,19.5,Exposed 
11/6/2025 3:13,C,21.0,23.5,19.4,Exposed 
11/6/2025 3:23,C,21.0,23.4,19.1,Exposed 
11/6/2025 3:33,C,21.0,23.2,18.9,Exposed 
11/6/2025 3:43,C,20.5,23.1,18.7,Exposed 
11/6/2025 3:53,C,20.5,23.0,18.6,Exposed 
11/6/2025 4:03,C,20.0,22.8,18.6,Exposed 
11/6/2025 4:13,C,20.0,22.7,18.5,Exposed 
11/6/2025 4:23,C,20.0,22.6,18.4,Exposed 
11/6/2025 4:33,C,19.5,22.4,18.5,Exposed 
11/6/2025 4:43,C,19.5,22.3,18.5,Exposed 
11/6/2025 4:53,C,19.5,22.1,18.5,Exposed 
11/6/2025 5:03,C,19.5,22.0,18.7,Exposed 
11/6/2025 5:13,C,19.5,21.9,18.4,Exposed 
11/6/2025 5:23,C,19.0,21.8,18.2,Exposed 
11/6/2025 5:33,C,19.0,21.6,18.1,Exposed 
11/6/2025 5:43,C,19.0,21.5,18.1,Exposed 
11/6/2025 5:53,C,19.0,21.4,18.4,Exposed 
11/6/2025 6:03,C,19.0,21.2,18.6,Exposed 
11/6/2025 6:13,C,19.0,21.1,19.2,Exposed 
11/6/2025 6:23,C,19.0,21.0,19.9,Exposed 
11/6/2025 6:33,C,19.0,20.9,20.4,Exposed 
11/6/2025 6:43,C,19.5,20.7,21.1,Exposed 
11/6/2025 6:53,C,19.5,20.7,21.9,Exposed 
11/6/2025 7:03,C,20.0,20.6,22.5,Exposed 
11/6/2025 7:13,C,20.5,20.5,22.8,Exposed 
11/6/2025 7:23,C,21.5,20.4,23.2,Exposed 
11/6/2025 7:33,C,22.5,20.4,23.4,Exposed 
11/6/2025 7:43,C,23.0,20.4,23.9,Exposed 
11/6/2025 7:53,C,23.5,20.4,24.1,Exposed 
11/6/2025 8:03,C,24.5,20.5,24.2,Exposed 
11/6/2025 8:13,C,25.0,20.6,24.5,Exposed 
11/6/2025 8:23,C,25.5,20.7,24.8,Exposed 
11/6/2025 8:33,C,26.5,20.8,25.1,Exposed 
11/6/2025 8:43,C,27.0,21.0,25.3,Exposed 
11/6/2025 8:53,C,27.5,21.2,25.8,Exposed 
11/6/2025 9:03,C,28.0,21.3,25.8,Exposed 
11/6/2025 9:13,C,28.5,21.6,26.2,Exposed 
11/6/2025 9:23,C,29.5,21.8,26.2,Exposed 
11/6/2025 9:33,C,30.0,22.1,26.6,Exposed 
11/6/2025 9:43,C,30.0,22.3,26.8,Exposed 
11/6/2025 9:53,C,30.5,22.6,27.1,Exposed 
11/6/2025 10:03,C,31.0,22.9,27.3,Exposed 
11/6/2025 10:13,C,31.5,23.2,27.4,Exposed 
11/6/2025 10:23,C,32.5,23.5,27.7,Exposed 
11/6/2025 10:33,C,32.5,23.8,27.7,Exposed 
11/6/2025 10:43,C,33.0,24.1,27.8,Exposed 
11/6/2025 10:53,C,33.0,24.5,28.0,Exposed 
11/6/2025 11:03,C,34.0,24.8,28.1,Exposed 
11/6/2025 11:13,C,34.5,25.1,28.1,Exposed 
11/6/2025 11:23,C,34.5,25.4,28.0,Exposed 
11/6/2025 11:33,C,35.0,25.8,28.3,Exposed 
11/6/2025 11:43,C,35.0,26.1,28.4,Exposed 
11/6/2025 11:53,C,35.5,26.3,29.0,Exposed 
11/6/2025 12:03,C,35.5,26.7,29.1,Exposed 
11/6/2025 12:13,C,35.5,27.0,29.3,Exposed 
11/6/2025 12:23,C,35.5,27.3,29.3,Exposed 
11/6/2025 12:33,C,35.5,27.6,29.2,Exposed 
11/6/2025 12:43,C,35.5,27.8,29.5,Exposed 
11/6/2025 12:53,C,35.5,28.1,29.5,Exposed 
11/6/2025 13:03,C,35.5,28.3,29.3,Exposed 
11/6/2025 13:13,C,35.5,28.6,29.4,Exposed 
11/6/2025 13:23,C,35.5,28.8,29.6,Exposed 
11/6/2025 13:33,C,35.0,29.0,29.4,Exposed 
11/6/2025 13:43,C,35.0,29.2,29.5,Exposed 
11/6/2025 13:53,C,34.0,29.4,29.2,Exposed 
11/6/2025 14:03,C,33.5,29.5,29.4,Exposed 
11/6/2025 14:13,C,33.0,29.6,28.8,Exposed 
11/6/2025 14:23,C,32.5,29.7,28.3,Exposed 
11/6/2025 14:33,C,32.0,29.8,27.9,Exposed 
11/6/2025 14:43,C,31.5,29.8,27.7,Exposed 
11/6/2025 14:53,C,31.0,29.8,27.2,Exposed 
11/6/2025 15:03,C,30.5,29.7,26.8,Exposed 
11/6/2025 15:13,C,30.0,29.7,26.4,Exposed 
11/6/2025 15:23,C,29.5,29.6,25.8,Exposed 
11/6/2025 15:33,C,29.0,29.5,25.3,Exposed 
11/6/2025 15:43,C,28.5,29.4,24.8,Exposed 
11/6/2025 15:53,C,28.0,29.4,24.4,Exposed 
11/6/2025 16:03,C,27.5,29.3,24.0,Exposed 
11/6/2025 16:13,C,27.5,29.2,23.7,Exposed 
